05014ec6d0c7bd13,human,/m/01jfm_,1.0,0.554,0.705,0.655,0.824
11eb68f770954801,human,/m/01jfm_,1.0,0.246,0.394,0.25,0.456
16bd0f06920eef36,human,/m/01jfm_,1.0,0.293,0.691,0.514,0.682
1d46a4678de640c1,human,/m/01jfm_,1.0,0.238,0.724,0.41,0.796
2cf5d03427d91c2c,human,/m/01jfm_,1.0,0.118,0.206,0.513,0.613
2dfa8702b2572913,human,/m/01jfm_,1.0,0.255,0.537,0.394,0.53
4e087d970f0f8008,human,/m/01jfm_,1.0,0.383,0.568,0.548,0.783
62714fee286f45f5,human,/m/01jfm_,1.0,0.179,0.487,0.091,0.285
80b39a5b250873f2,human,/m/01jfm_,1.0,0.128,0.221,0.398,0.534
ab5f3da08d0fa8ee,human,/m/01jfm_,1.0,0.016,0.979,0.13,0.846
000228608388803f,human,/m/01jfm_,1.0,0.179,0.304,0.787,0.868
018e165c556b2eb6,human,/m/01jfm_,1.0,0.186,0.362,0.721,0.827
0583ac1e89b2e0be,human,/m/01jfm_,1.0,0.236,0.663,0.429,0.644
08d29e70f03cec88,human,/m/01jfm_,1.0,0.62,0.881,0.624,0.737
13e5cc6ae0e4d917,human,/m/01jfm_,1.0,0.321,0.726,0.395,0.674
314a92443055fcb4,human,/m/01jfm_,1.0,0.486,0.62,0.417,0.493
4d4158dd068c09cd,human,/m/01jfm_,1.0,0.605,0.71,0.625,0.731
548d8d0a942332f3,human,/m/01jfm_,1.0,0.327,0.57,0.837,0.953
7fb3174c867ced93,human,/m/01jfm_,1.0,0.224,0.71,0.268,0.632
8f5ba9e4fb9056e7,human,/m/01jfm_,1.0,0.162,0.839,0.373,0.793
c8bba40bc7b0df7b,human,/m/01jfm_,1.0,0.201,0.82,0.308,0.625
d3c115a1319726a4,human,/m/01jfm_,1.0,0.768,0.934,0.656,0.802
fda2aebacc12233a,human,/m/01jfm_,1.0,0.654,0.834,0.45,0.604
1b8174db710a27b9,human,/m/01jfm_,1.0,0.473,0.691,0.446,0.725
275981a4b9c0fbbc,human,/m/01jfm_,1.0,0.144,0.245,0.452,0.537
2ff6942fa345285c,human,/m/01jfm_,1.0,0.241,0.537,0.314,0.421
3a29044f148a3f95,human,/m/01jfm_,1.0,0.076,0.369,0.526,0.687
49ecebafd1e0fb48,human,/m/01jfm_,1.0,0.685,0.787,0.403,0.512
641ec3b9c803931f,human,/m/01jfm_,1.0,0.148,0.336,0.562,0.725
6f6e6ee0f2f3e68a,human,/m/01jfm_,1.0,0.681,0.897,0.876,0.975
792b134d8a31e95e,human,/m/01jfm_,1.0,0.149,0.333,0.422,0.58
92fe6d2aba26e98d,human,/m/01jfm_,1.0,0.146,0.261,0.652,0.754
9339acb2a2036854,human,/m/01jfm_,1.0,0.33,0.61,0.406,0.615
99d9daeb23692b6d,human,/m/01jfm_,1.0,0.322,0.667,0.682,0.817
a4ea0eaadebff8ee,human,/m/01jfm_,1.0,0.07,0.735,0.334,0.907
c2aa9839f1874aa5,human,/m/01jfm_,1.0,0.597,0.739,0.71,0.787
cd9647953ca17272,human,/m/01jfm_,1.0,0.431,0.606,0.593,0.64
edd3119d7bc488e4,human,/m/01jfm_,1.0,0.724,0.919,0.58,0.767
00831662d2ba731a,human,/m/01jfm_,1.0,0.331,0.667,0.406,0.61
1c69af8ea98607a2,human,/m/01jfm_,1.0,0.477,0.704,0.714,0.869
2b172ccfad0700b7,human,/m/01jfm_,1.0,0.46,0.665,0.319,0.461
4feafb5bb7596ce0,human,/m/01jfm_,1.0,0.17,0.783,0.278,0.541
5b380a311b870279,human,/m/01jfm_,1.0,0.025,0.994,0.271,0.941
665208650927f6ec,human,/m/01jfm_,1.0,0.338,0.602,0.303,0.511
6e89abd329ad9e1d,human,/m/01jfm_,1.0,0.157,0.222,0.483,0.604
c860be831256733c,human,/m/01jfm_,1.0,0.348,0.669,0.662,0.788
e74c5194a2151abc,human,/m/01jfm_,1.0,0.25,0.57,0.763,0.96
004aebeb3dea697a,human,/m/01jfm_,1.0,0.165,0.841,0.463,0.997
0b3af9c7022196a7,human,/m/01jfm_,1.0,0.394,0.647,0.532,0.706
0bc41292e53979fb,human,/m/01jfm_,1.0,0.012,0.907,0.177,0.759
24f7fa24a76ee46c,human,/m/01jfm_,1.0,0.001,0.999,0.006,0.997
2f5a55336321e3ca,human,/m/01jfm_,1.0,0.745,0.886,0.435,0.603
5b482565992b4f6c,human,/m/01jfm_,1.0,0.036,0.914,0.213,0.77
96413f3c3f1b302e,human,/m/01jfm_,1.0,0.472,0.655,0.386,0.531
96c86d2911ab4980,human,/m/01jfm_,1.0,0.218,0.516,0.517,0.669
a2b1b9fc5558c5b5,human,/m/01jfm_,1.0,0.213,0.768,0.26,0.703
d316989416acf09e,human,/m/01jfm_,1.0,0.07,0.877,0.193,0.808
0056d571c56c4f38,human,/m/01jfm_,1.0,0.19,0.424,0.726,0.896
00831662d2ba731a,human,/m/01jfm_,1.0,0.365,0.642,0.45,0.619
00c82d64185293a7,human,/m/01jfm_,1.0,0.378,0.555,0.687,0.808
047803c09a4db16f,human,/m/01jfm_,1.0,0.256,0.571,0.407,0.821
0b5915e22c5d5698,human,/m/01jfm_,1.0,0.0,0.997,0.182,0.743
0c586c5d395db5ea,human,/m/01jfm_,1.0,0.389,0.629,0.882,0.978
336d125bbaf4dcb8,human,/m/01jfm_,1.0,0.57,0.841,0.781,0.921
3ee3ee645bc414d4,human,/m/01jfm_,1.0,0.004,0.959,0.141,0.722
6310a7bf87ae0ab2,human,/m/01jfm_,1.0,0.067,1.0,0.117,0.852
69fc981a483e2b22,human,/m/01jfm_,1.0,0.536,0.677,0.574,0.662
77223d7412a7b649,human,/m/01jfm_,1.0,0.586,0.841,0.329,0.569
78a02a7f50a64d03,human,/m/01jfm_,1.0,0.059,0.14,0.713,0.853
9410abe322a0f0b7,human,/m/01jfm_,1.0,0.813,0.904,0.344,0.472
9ad67645ac60c4a1,human,/m/01jfm_,1.0,0.745,0.842,0.53,0.616
ba1d8e890f7ae281,human,/m/01jfm_,1.0,0.139,0.865,0.454,0.967
bc7ca5d8c098bc5c,human,/m/01jfm_,1.0,0.165,0.799,0.525,0.856
d267aa26d1901e97,human,/m/01jfm_,1.0,0.745,0.829,0.436,0.556
d548415c640b25c7,human,/m/01jfm_,1.0,0.047,0.491,0.62,0.904
d6bbdef6747e1b67,human,/m/01jfm_,1.0,0.196,0.813,0.365,0.669
e0f80a660415fc4e,human,/m/01jfm_,1.0,0.443,0.661,0.49,0.641
e5f589dc8bb3a3d6,human,/m/01jfm_,1.0,0.735,0.819,0.368,0.475
215c7a216caa44bd,human,/m/01jfm_,1.0,0.137,0.835,0.387,0.672
3d766b599eab8353,human,/m/01jfm_,1.0,0.54,0.818,0.73,0.838
3e9b9864fa7a6e14,human,/m/01jfm_,1.0,0.597,0.857,0.712,0.845
4736664640af029e,human,/m/01jfm_,1.0,0.285,0.396,0.675,0.782
500b628c21d5d752,human,/m/01jfm_,1.0,0.751,0.911,0.55,0.746
6fd7b00bd0ccc42b,human,/m/01jfm_,1.0,0.389,0.631,0.799,0.911
70b20c6064951e91,human,/m/01jfm_,1.0,0.552,0.725,0.361,0.514
a6adffa6808a3674,human,/m/01jfm_,1.0,0.168,0.892,0.452,0.857
04edc53df760dff9,human,/m/01jfm_,1.0,0.502,0.695,0.421,0.563
20b8cae0b3e68882,human,/m/01jfm_,1.0,0.328,0.508,0.606,0.672
3a455a6dcadbbf4c,human,/m/01jfm_,1.0,0.029,0.955,0.274,0.653
50a0a55967df9187,human,/m/01jfm_,1.0,0.262,0.455,0.795,0.961
683575f75b5aad39,human,/m/01jfm_,1.0,0.128,0.215,0.472,0.597
8a83d622c01f6f7e,human,/m/01jfm_,1.0,0.118,0.887,0.187,0.845
8b949b0e4c551b63,human,/m/01jfm_,1.0,0.432,0.586,0.123,0.246
98c160f728327003,human,/m/01jfm_,1.0,0.028,0.821,0.25,0.816
99d87407de4a8726,human,/m/01jfm_,1.0,0.316,0.665,0.608,0.796
ce8f4b69646e574f,human,/m/01jfm_,1.0,0.201,0.37,0.586,0.66
d1bf0f8100860b68,human,/m/01jfm_,1.0,0.633,0.78,0.619,0.757
df32b86162996bd6,human,/m/01jfm_,1.0,0.308,0.617,0.868,0.978
f051e111af2e39e9,human,/m/01jfm_,1.0,0.678,0.859,0.669,0.816
f22e3f146289655a,human,/m/01jfm_,1.0,0.393,0.614,0.293,0.439
f51712d1728da4eb,human,/m/01jfm_,1.0,0.383,0.695,0.52,0.683
2007ccd9b5adb6d2,human,/m/01jfm_,1.0,0.507,0.861,0.565,0.761
4e9491f54ac58158,human,/m/01jfm_,1.0,0.01,0.127,0.464,0.706
5f97f3e78cd3b624,human,/m/01jfm_,1.0,0.505,0.692,0.542,0.777
69f397f5c2423b68,human,/m/01jfm_,1.0,0.633,0.852,0.473,0.606
6a812e6b60fdde84,human,/m/01jfm_,1.0,0.098,0.867,0.213,0.731
8702e60a956f472d,human,/m/01jfm_,1.0,0.19,0.836,0.772,0.995
9aaf8bec324d1187,human,/m/01jfm_,1.0,0.263,0.645,0.644,0.783
ac85a3aef47dc3a0,human,/m/01jfm_,1.0,0.371,0.629,0.799,0.914
c68fd09485c1c8ae,human,/m/01jfm_,1.0,0.405,0.633,0.727,0.816
dc882ca05aa68263,human,/m/01jfm_,1.0,0.169,0.539,0.386,0.708
dde0cd80e37b5d88,human,/m/01jfm_,1.0,0.111,0.822,0.413,0.895
002f860e692757f7,human,/m/01jfm_,1.0,0.126,0.394,0.898,0.98
100836cb2885f364,human,/m/01jfm_,1.0,0.256,0.381,0.701,0.753
1b2c95a7b94b7747,human,/m/01jfm_,1.0,0.543,0.681,0.589,0.684
3facc1072f339d4b,human,/m/01jfm_,1.0,0.109,0.923,0.374,0.873
4a4f468f2d7890de,human,/m/01jfm_,1.0,0.595,0.844,0.515,0.664
4f12b65c28f86454,human,/m/01jfm_,1.0,0.011,0.258,0.554,0.759
5127ce03b430b18a,human,/m/01jfm_,1.0,0.619,0.783,0.183,0.295
7acb16e71dcc0fab,human,/m/01jfm_,1.0,0.354,0.664,0.68,0.899
c9a93660a76ec566,human,/m/01jfm_,1.0,0.373,0.651,0.611,0.736
e93b9303bb126050,human,/m/01jfm_,1.0,0.512,0.635,0.658,0.733
fa97e44e47c01961,human,/m/01jfm_,1.0,0.574,0.834,0.638,0.767
00c3fb728099e272,human,/m/01jfm_,1.0,0.255,0.686,0.884,0.966
02fee967ac39acf0,human,/m/01jfm_,1.0,0.048,0.995,0.103,0.831
082d5ca9987693f3,human,/m/01jfm_,1.0,0.254,0.593,0.435,0.525
0850a8ca09e934b1,human,/m/01jfm_,1.0,0.058,0.938,0.143,0.807
0af7e622794ad1b1,human,/m/01jfm_,1.0,0.211,0.829,0.437,0.645
1fc52a63ee58d000,human,/m/01jfm_,1.0,0.007,0.998,0.105,0.985
25a4403c6901b464,human,/m/01jfm_,1.0,0.296,0.6,0.748,0.891
67b1aa238c70cd66,human,/m/01jfm_,1.0,0.288,0.378,0.559,0.667
6e50881e36a1bd2f,human,/m/01jfm_,1.0,0.186,0.266,0.453,0.57
91f82e50859c892a,human,/m/01jfm_,1.0,0.358,0.596,0.589,0.755
c05db097ca995f6c,human,/m/01jfm_,1.0,0.242,0.821,0.682,0.896
d73b9432eeb054da,human,/m/01jfm_,1.0,0.242,0.667,0.612,0.708
d79978f64071532e,human,/m/01jfm_,1.0,0.147,0.324,0.439,0.577
de212da34186f795,human,/m/01jfm_,1.0,0.712,0.833,0.824,0.92
eb71ffea584ca9f5,human,/m/01jfm_,1.0,0.341,0.696,0.409,0.633
0703bd4899681bdb,human,/m/01jfm_,1.0,0.816,0.924,0.492,0.679
0948a4bfcf4d984d,human,/m/01jfm_,1.0,0.741,0.834,0.44,0.558
0ade5dbc0d8e78de,human,/m/01jfm_,1.0,0.273,0.879,0.169,0.921
2a86589647dddbb1,human,/m/01jfm_,1.0,0.008,0.999,0.395,0.972
4c8d6ab28d3e93b2,human,/m/01jfm_,1.0,0.138,0.917,0.099,0.846
57a57592e02a458f,human,/m/01jfm_,1.0,0.069,0.748,0.47,0.925
5a70f5eb06dc8456,human,/m/01jfm_,1.0,0.089,0.888,0.155,0.695
61ec99245f55ff65,human,/m/01jfm_,1.0,0.054,0.348,0.515,0.677
64080232d99cb909,human,/m/01jfm_,1.0,0.347,0.707,0.336,0.751
66f2db4c5d0d80ad,human,/m/01jfm_,1.0,0.511,0.688,0.023,0.166
715eee4f18e49142,human,/m/01jfm_,1.0,0.399,0.609,0.455,0.655
9fc3f8ab87ce4344,human,/m/01jfm_,1.0,0.462,0.578,0.53,0.601
ac8b3b3b52d17fcf,human,/m/01jfm_,1.0,0.019,0.964,0.141,0.865
e0ef2ee3fca86a7b,human,/m/01jfm_,1.0,0.208,0.624,0.238,0.601
ee5ddc31dca94d18,human,/m/01jfm_,1.0,0.74,0.883,0.425,0.602
0c21585974c2fee4,human,/m/01jfm_,1.0,0.806,0.92,0.578,0.78
0d56471a08aa3284,human,/m/01jfm_,1.0,0.21,0.877,0.438,0.913
22bf70bdae805db8,human,/m/01jfm_,1.0,0.142,0.876,0.155,0.766
628589ea36caca41,human,/m/01jfm_,1.0,0.449,0.609,0.676,0.811
90de5dbde49eb38b,human,/m/01jfm_,1.0,0.41,0.614,0.802,0.863
dbc6865985607a2b,human,/m/01jfm_,1.0,0.573,0.655,0.432,0.529
0164f00f5ff84349,human,/m/01jfm_,1.0,0.689,0.882,0.595,0.75
01df220cc71e07af,human,/m/01jfm_,1.0,0.358,0.507,0.332,0.467
08199434244417a3,human,/m/01jfm_,1.0,0.136,0.262,0.624,0.748
0a14d074d1428df1,human,/m/01jfm_,1.0,0.24,0.335,0.521,0.618
681fc4b687215a76,human,/m/01jfm_,1.0,0.364,0.611,0.511,0.689
70bfe0d3e95cf0d3,human,/m/01jfm_,1.0,0.254,0.74,0.374,0.55
7cd0741d83b74dd5,human,/m/01jfm_,1.0,0.109,0.826,0.44,0.94
aefe1a81c6434470,human,/m/01jfm_,1.0,0.204,0.367,0.653,0.708
ca14d44567f843da,human,/m/01jfm_,1.0,0.191,0.752,0.351,0.647
d7e36aa5b6792ee2,human,/m/01jfm_,1.0,0.403,0.518,0.786,0.882
f0029546cbdf4bbc,human,/m/01jfm_,1.0,0.167,0.843,0.272,0.679
f8afc60a6696d95e,human,/m/01jfm_,1.0,0.349,0.468,0.579,0.662
f925f5f1918ff67e,human,/m/01jfm_,1.0,0.184,0.395,0.473,0.608
020f0ea4d2eb8876,human,/m/01jfm_,1.0,0.415,0.6,0.528,0.68
2283e0bd5ba2c065,human,/m/01jfm_,1.0,0.772,0.872,0.403,0.519
2ff6942fa345285c,human,/m/01jfm_,1.0,0.239,0.532,0.274,0.435
4ec5358abf962961,human,/m/01jfm_,1.0,0.111,0.917,0.124,0.844
4f87c44bfb929a95,human,/m/01jfm_,1.0,0.323,0.987,0.268,0.949
564070a4e6b50ca2,human,/m/01jfm_,1.0,0.353,0.544,0.543,0.697
63a858b3f532c1c7,human,/m/01jfm_,1.0,0.163,0.387,0.469,0.624
95b56a9846686557,human,/m/01jfm_,1.0,0.407,0.659,0.476,0.613
be4272a11d45f447,human,/m/01jfm_,1.0,0.211,0.784,0.311,0.705
d21275808dd4e186,human,/m/01jfm_,1.0,0.447,0.622,0.87,0.963
dcef221cd48ff55d,human,/m/01jfm_,1.0,0.775,0.889,0.496,0.59
f7e0e37781d93137,human,/m/01jfm_,1.0,0.335,0.687,0.877,0.984
0080f94f60085954,human,/m/01jfm_,1.0,0.118,0.217,0.5,0.591
04bc55abd830f147,human,/m/01jfm_,1.0,0.274,0.832,0.349,0.723
247b74ca4fd19931,human,/m/01jfm_,1.0,0.01,0.996,0.042,0.878
2cf5d03427d91c2c,human,/m/01jfm_,1.0,0.123,0.216,0.495,0.623
ababd5dd5aaf0f18,human,/m/01jfm_,1.0,0.416,0.567,0.577,0.666
cda1e2a2a0d3736b,human,/m/01jfm_,1.0,0.892,0.982,0.354,0.454
e4110c0a189e5054,human,/m/01jfm_,1.0,0.302,0.718,0.786,0.897
e666b1f293f4b9b7,human,/m/01jfm_,1.0,0.399,0.593,0.524,0.674
061c45e63f462e82,human,/m/01jfm_,1.0,0.319,0.749,0.374,0.759
0b844bd4dae5e9c8,human,/m/01jfm_,1.0,0.033,0.773,0.116,0.834
0e9542aa4c33f719,human,/m/01jfm_,1.0,0.026,0.616,0.377,0.763
50474a4ea1990381,human,/m/01jfm_,1.0,0.321,0.602,0.832,0.971
550466a3366ad476,human,/m/01jfm_,1.0,0.036,0.265,0.781,0.898
5d70e554a502f0b4,human,/m/01jfm_,1.0,0.462,0.536,0.494,0.577
7b3b610dfbd9d768,human,/m/01jfm_,1.0,0.373,0.575,0.684,0.762
7ba57d455eaa92ed,human,/m/01jfm_,1.0,0.632,0.746,0.548,0.625
7d490acc72896c88,human,/m/01jfm_,1.0,0.558,0.639,0.8,0.907
8c3c6d5e0952a88c,human,/m/01jfm_,1.0,0.754,0.828,0.513,0.605
95fa33240de709aa,human,/m/01jfm_,1.0,0.147,0.776,0.248,0.67
98d81c695825384c,human,/m/01jfm_,1.0,0.245,0.374,0.536,0.648
b602c9034f1011a5,human,/m/01jfm_,1.0,0.75,0.925,0.445,0.571
b782d02ca5ca55af,human,/m/01jfm_,1.0,0.361,0.537,0.689,0.776
be1e544cb3b35fae,human,/m/01jfm_,1.0,0.629,0.832,0.725,0.863
cb51b4c95a75d073,human,/m/01jfm_,1.0,0.246,0.819,0.374,0.68
d68c4c606ea17fa8,human,/m/01jfm_,1.0,0.203,0.401,0.877,0.961
ede9ac1245346aea,human,/m/01jfm_,1.0,0.062,0.896,0.266,0.8
f99543be4ac9c607,human,/m/01jfm_,1.0,0.313,0.585,0.634,0.742
00071c51c8e92a68,human,/m/01jfm_,1.0,0.689,0.808,0.609,0.728
11ecfc30dd844dd3,human,/m/01jfm_,1.0,0.241,0.655,0.661,0.893
1e868b85ec011407,human,/m/01jfm_,1.0,0.71,0.814,0.676,0.772
4f506b123474513d,human,/m/01jfm_,1.0,0.001,0.999,0.003,0.992
53415e85c1fac6ec,human,/m/01jfm_,1.0,0.174,0.828,0.368,0.643
6dd439cd2f1552ec,human,/m/01jfm_,1.0,0.32,0.645,0.581,0.749
8fcc9c55e12198b5,human,/m/01jfm_,1.0,0.636,0.735,0.502,0.588
91fe14eda8bb5810,human,/m/01jfm_,1.0,0.864,0.941,0.488,0.595
d18a4d15123d4703,human,/m/01jfm_,1.0,0.751,0.936,0.675,0.839
fa38a94fb96222be,human,/m/01jfm_,1.0,0.221,0.971,0.794,0.997
fb4a8621b0e85319,human,/m/01jfm_,1.0,0.322,0.667,0.505,0.646
14cda33486be7079,human,/m/01jfm_,1.0,0.013,0.301,0.0,0.527
282dec3d0f36d111,human,/m/01jfm_,1.0,0.079,0.94,0.152,0.836
3f796298e3bd8b8b,human,/m/01jfm_,1.0,0.298,0.402,0.463,0.559
4fd722406f1ef40b,human,/m/01jfm_,1.0,0.242,0.81,0.57,0.804
5a27ab2ac1fdc7fe,human,/m/01jfm_,1.0,0.621,0.761,0.536,0.625
780cae351d3fef58,human,/m/01jfm_,1.0,0.598,0.701,0.661,0.732
7b57cdbe1e778507,human,/m/01jfm_,1.0,0.696,0.758,0.474,0.585
ef544ed16f5e66b5,human,/m/01jfm_,1.0,0.328,0.695,0.549,0.681
021d0fd9b41f8d4b,human,/m/01jfm_,1.0,0.189,0.79,0.347,0.786
0a78b93b3efac16f,human,/m/01jfm_,1.0,0.579,0.734,0.468,0.61
0af7e622794ad1b1,human,/m/01jfm_,1.0,0.187,0.815,0.416,0.678
0f206a5a3a72a771,human,/m/01jfm_,1.0,0.054,0.973,0.154,0.822
1cda57b484ef6e3e,human,/m/01jfm_,1.0,0.087,0.921,0.144,0.728
20423a59d3948063,human,/m/01jfm_,1.0,0.179,0.834,0.544,0.967
2c75228218b9f9c5,human,/m/01jfm_,1.0,0.236,0.349,0.511,0.626
3af34a6337f3ff1e,human,/m/01jfm_,1.0,0.577,0.813,0.69,0.791
5400e0eed01bd74c,human,/m/01jfm_,1.0,0.217,0.595,0.85,0.99
72a929350a5c2b42,human,/m/01jfm_,1.0,0.305,0.692,0.74,0.862
7de85d97fce5c049,human,/m/01jfm_,1.0,0.391,0.656,0.532,0.673
8d059f1eba9123f4,human,/m/01jfm_,1.0,0.215,0.456,0.087,0.229
a9d76c080e719f36,human,/m/01jfm_,1.0,0.043,0.835,0.389,0.927
afd87c1a3faad2a8,human,/m/01jfm_,1.0,0.149,0.474,0.591,0.966
b57017784b95ef9f,human,/m/01jfm_,1.0,0.128,0.509,0.683,0.856
ea2f7cd50042611d,human,/m/01jfm_,1.0,0.164,0.729,0.551,0.948
0b6a59392b3c5caf,human,/m/01jfm_,1.0,0.795,0.964,0.595,0.759
2e6c92127ae9e2bb,human,/m/01jfm_,1.0,0.198,0.817,0.819,0.982
37fd0f0a590e197f,human,/m/01jfm_,1.0,0.199,0.836,0.328,0.766
3c0419ceb43f69ad,human,/m/01jfm_,1.0,0.011,0.272,0.428,0.744
60ff0abed0168d6c,human,/m/01jfm_,1.0,0.375,0.585,0.246,0.394
620b9976f1ea23d1,human,/m/01jfm_,1.0,0.327,0.445,0.469,0.558
681403c74dcef4e1,human,/m/01jfm_,1.0,0.143,0.229,0.574,0.676
69b9739a50f35ea0,human,/m/01jfm_,1.0,0.162,0.378,0.812,0.979
70bfe0d3e95cf0d3,human,/m/01jfm_,1.0,0.246,0.759,0.37,0.579
a5ea46b3f42b069a,human,/m/01jfm_,1.0,0.672,0.808,0.857,0.95
af9b373cbbde89f0,human,/m/01jfm_,1.0,0.394,0.578,0.66,0.792
d97d6c3cddd26cbe,human,/m/01jfm_,1.0,0.373,0.642,0.788,0.893
02855802b0710e43,human,/m/01jfm_,1.0,0.563,0.761,0.512,0.663
03db92d831e995f0,human,/m/01jfm_,1.0,0.273,0.473,0.293,0.441
0e617f1eb453ebfe,human,/m/01jfm_,1.0,0.008,0.988,0.283,0.872
21f24774582f1e50,human,/m/01jfm_,1.0,0.335,0.765,0.452,0.749
2d107376acaa584e,human,/m/01jfm_,1.0,0.159,0.817,0.727,0.949
36a4acd06b2f49f4,human,/m/01jfm_,1.0,0.183,0.263,0.681,0.768
38b4b002a1395bab,human,/m/01jfm_,1.0,0.424,0.646,0.373,0.563
4bb981e8b0ec6d71,human,/m/01jfm_,1.0,0.774,0.846,0.552,0.659
4c32f60d59b5e4d7,human,/m/01jfm_,1.0,0.041,0.891,0.284,0.85
95a595042c230f2b,human,/m/01jfm_,1.0,0.374,0.605,0.761,0.887
a54da2928555ceaa,human,/m/01jfm_,1.0,0.205,0.328,0.606,0.684
de526fe5c2a53226,human,/m/01jfm_,1.0,0.8,0.982,0.607,0.769
10ad0e18ce0a3fba,human,/m/01jfm_,1.0,0.415,0.745,0.359,0.669
11bc1c35f9cfb03e,human,/m/01jfm_,1.0,0.2,0.777,0.584,0.966
28ba3139f8363dc9,human,/m/01jfm_,1.0,0.13,0.937,0.184,0.693
51540c74b3c268a2,human,/m/01jfm_,1.0,0.181,0.487,0.51,0.679
5bd8a7176dfea6d5,human,/m/01jfm_,1.0,0.094,0.901,0.182,0.714
65dfc376f0c506e4,human,/m/01jfm_,1.0,0.806,0.906,0.513,0.601
6a9743d41de49e87,human,/m/01jfm_,1.0,0.388,0.646,0.43,0.567
8dd1b558d809a4fe,human,/m/01jfm_,1.0,0.11,0.849,0.225,0.78
b53a48bc5f1dfb9e,human,/m/01jfm_,1.0,0.82,0.984,0.379,0.558
e7ba6984ecb81c65,human,/m/01jfm_,1.0,0.33,0.609,0.419,0.574
f484d1b789e6ed63,human,/m/01jfm_,1.0,0.0,1.0,0.004,0.857
f6ccc34d1035d545,human,/m/01jfm_,1.0,0.032,0.363,0.439,0.954
0120712ddbf37c81,human,/m/01jfm_,1.0,0.222,0.879,0.123,0.854
379b34acaa12842a,human,/m/01jfm_,1.0,0.278,0.419,0.884,0.958
4e9ba507a7b78c36,human,/m/01jfm_,1.0,0.391,0.582,0.378,0.535
55f97a7d3836075e,human,/m/01jfm_,1.0,0.286,0.372,0.399,0.512
65abf602c86512ff,human,/m/01jfm_,1.0,0.021,0.977,0.201,0.702
6904af7d1461f553,human,/m/01jfm_,1.0,0.311,0.607,0.671,0.952
7447acc984bbde0f,human,/m/01jfm_,1.0,0.319,0.727,0.297,0.78
7b298fdfdcd6c2b4,human,/m/01jfm_,1.0,0.374,0.662,0.638,0.809
993dbced4645daf3,human,/m/01jfm_,1.0,0.101,0.183,0.486,0.591
0f506dd9bcf2a799,human,/m/01jfm_,1.0,0.133,0.96,0.275,0.817
13381e25d1e9d39e,human,/m/01jfm_,1.0,0.161,0.599,0.351,0.677
234ae2b7bf7027a8,human,/m/01jfm_,1.0,0.117,0.864,0.206,0.778
435539125452f7dc,human,/m/01jfm_,1.0,0.036,0.949,0.486,0.988
47780d6a7021d988,human,/m/01jfm_,1.0,0.213,0.434,0.767,0.832
6737d7f3c4e3a8d7,human,/m/01jfm_,1.0,0.56,0.81,0.384,0.563
685e488bb1cc3ed1,human,/m/01jfm_,1.0,0.19,0.843,0.314,0.64
6c2ea949c7d751e5,human,/m/01jfm_,1.0,0.316,0.413,0.641,0.736
7bc934ccabf502a5,human,/m/01jfm_,1.0,0.395,0.598,0.409,0.569
81bc836225e84607,human,/m/01jfm_,1.0,0.113,0.843,0.588,0.952
a9d46e723a7fa412,human,/m/01jfm_,1.0,0.155,0.905,0.253,0.764
c9b66cefe5ac59a6,human,/m/01jfm_,1.0,0.338,0.658,0.613,0.747
072f469526953cb4,human,/m/01jfm_,1.0,0.133,0.801,0.331,0.465
0acae60763c8124e,human,/m/01jfm_,1.0,0.507,0.707,0.853,0.969
19f8d5bae12bbcc6,human,/m/01jfm_,1.0,0.498,0.631,0.719,0.813
1acfc5b2f96feaa3,human,/m/01jfm_,1.0,0.221,0.606,0.783,0.881
330ac77b36168d85,human,/m/01jfm_,1.0,0.246,0.78,0.353,0.57
3c7e8437b7ae9379,human,/m/01jfm_,1.0,0.095,0.842,0.278,0.797
3d1ec03fd364fcdb,human,/m/01jfm_,1.0,0.262,0.712,0.378,0.669
41bf05a236f732b3,human,/m/01jfm_,1.0,0.369,0.634,0.571,0.71
452cfd061f6df2c6,human,/m/01jfm_,1.0,0.272,0.366,0.38,0.459
4e004af5b230d8bf,human,/m/01jfm_,1.0,0.193,0.692,0.591,0.907
7f4e256d43a37d43,human,/m/01jfm_,1.0,0.126,0.871,0.291,0.965
a23b746c94a0f6b3,human,/m/01jfm_,1.0,0.386,0.591,0.865,0.98
c3bed6225f05f776,human,/m/01jfm_,1.0,0.51,0.697,0.545,0.696
e267e342e6f50bd8,human,/m/01jfm_,1.0,0.158,0.267,0.606,0.694
00043e7c5c4c025a,human,/m/01jfm_,1.0,0.741,0.871,0.474,0.582
0257f9e3387efc1a,human,/m/01jfm_,1.0,0.381,0.517,0.341,0.437
0e07fe12a6994d09,human,/m/01jfm_,1.0,0.224,0.787,0.196,0.774
16e6f1b68f1e0c0e,human,/m/01jfm_,1.0,0.223,0.397,0.886,0.961
3a5a4e8e23d8dedb,human,/m/01jfm_,1.0,0.039,0.907,0.114,0.837
41aad67da9212d64,human,/m/01jfm_,1.0,0.496,0.65,0.508,0.583
72720222cb5899b3,human,/m/01jfm_,1.0,0.68,0.831,0.422,0.556
821d2f3aed37ddfd,human,/m/01jfm_,1.0,0.385,0.673,0.718,0.812
863e3eb61e4da274,human,/m/01jfm_,1.0,0.591,0.673,0.675,0.807
b2b5501537dfcb07,human,/m/01jfm_,1.0,0.095,0.237,0.448,0.578
bcb9d5bd0edd0bb7,human,/m/01jfm_,1.0,0.418,0.63,0.687,0.882
c8d01e3f271276b9,human,/m/01jfm_,1.0,0.214,0.333,0.639,0.716
efc523465f940dec,human,/m/01jfm_,1.0,0.759,0.86,0.438,0.524
f1c109c5b3827f7e,human,/m/01jfm_,1.0,0.563,0.727,0.689,0.769
fde614fa6023dd03,human,/m/01jfm_,1.0,0.449,0.599,0.402,0.55
1ef4172de565167f,human,/m/01jfm_,1.0,0.004,0.876,0.199,0.887
23dcf8af02def762,human,/m/01jfm_,1.0,0.21,0.38,0.136,0.318
257f2274a3704206,human,/m/01jfm_,1.0,0.111,0.834,0.171,0.768
2ea4d8827720c761,human,/m/01jfm_,1.0,0.434,0.608,0.546,0.757
3b04c7041d39696a,human,/m/01jfm_,1.0,0.417,0.618,0.557,0.697
3b90d4e4dd9d5a17,human,/m/01jfm_,1.0,0.206,0.707,0.626,0.966
6093fbe0d371acd0,human,/m/01jfm_,1.0,0.049,0.92,0.125,0.79
6344fa6cfef83508,human,/m/01jfm_,1.0,0.134,0.227,0.4,0.611
6c3e98a0867299cc,human,/m/01jfm_,1.0,0.009,0.98,0.098,0.884
8a1dfbfdbff02d86,human,/m/01jfm_,1.0,0.111,0.243,0.506,0.598
913e31b5828c95a8,human,/m/01jfm_,1.0,0.444,0.597,0.415,0.579
95bf6406c152cf40,human,/m/01jfm_,1.0,0.245,0.4,0.453,0.535
c197ea8b75d4e497,human,/m/01jfm_,1.0,0.028,0.953,0.056,0.877
c2ac8b7330f1eee4,human,/m/01jfm_,1.0,0.655,0.755,0.518,0.617
e961a854dc49b88e,human,/m/01jfm_,1.0,0.144,0.325,0.347,0.481
1d8e8fd9adf439b9,human,/m/01jfm_,1.0,0.746,0.842,0.571,0.673
61b2ef192f7de82b,human,/m/01jfm_,1.0,0.198,0.407,0.464,0.614
8e9aa9b08d259c31,human,/m/01jfm_,1.0,0.247,0.339,0.437,0.531
94f27e0e1c4c84e3,human,/m/01jfm_,1.0,0.659,0.868,0.637,0.833
a572d78778c511a9,human,/m/01jfm_,1.0,0.452,0.664,0.392,0.551
aaf070836644be2e,human,/m/01jfm_,1.0,0.151,0.258,0.685,0.762
d86c9781a10fe2b9,human,/m/01jfm_,1.0,0.386,0.56,0.474,0.659
d871e63f9ac8fe20,human,/m/01jfm_,1.0,0.569,0.791,0.626,0.767
df3edd0b7cae3874,human,/m/01jfm_,1.0,0.444,0.631,0.453,0.609
fa86e7f7887d4e26,human,/m/01jfm_,1.0,0.477,0.707,0.44,0.602
029b0d1ffdd49ab4,human,/m/01jfm_,1.0,0.174,0.836,0.205,0.681
0e6467a667cc3326,human,/m/01jfm_,1.0,0.762,0.846,0.457,0.56
1ad9250b87620a54,human,/m/01jfm_,1.0,0.096,0.809,0.106,0.751
1e3b4a4cb4a1da64,human,/m/01jfm_,1.0,0.21,0.801,0.555,0.977
3cd3406c658e54d6,human,/m/01jfm_,1.0,0.148,0.32,0.404,0.567
3d6b7b8d99aefe8d,human,/m/01jfm_,1.0,0.079,0.962,0.137,0.832
466990433e542354,human,/m/01jfm_,1.0,0.801,0.878,0.426,0.538
74de497b79048c3d,human,/m/01jfm_,1.0,0.023,0.135,0.601,0.704
769583cc162bb07f,human,/m/01jfm_,1.0,0.009,0.128,0.075,0.443
917773e8f4002a7a,human,/m/01jfm_,1.0,0.575,0.683,0.854,0.933
9db2dbe011407981,human,/m/01jfm_,1.0,0.126,0.189,0.413,0.54
c349b12ffb33c103,human,/m/01jfm_,1.0,0.146,0.237,0.465,0.561
d2babe1a7955163e,human,/m/01jfm_,1.0,0.068,0.168,0.551,0.649
dce367cecc75639c,human,/m/01jfm_,1.0,0.286,0.721,0.757,0.872
f4c7abac302bede6,human,/m/01jfm_,1.0,0.142,0.472,0.837,0.969
f6dfedc05291e195,human,/m/01jfm_,1.0,0.612,0.816,0.643,0.787
03a5d50547d613c7,human,/m/01jfm_,1.0,0.483,0.707,0.385,0.74
46a430cb49f8a92c,human,/m/01jfm_,1.0,0.34,0.544,0.484,0.729
4cacae57d485dd49,human,/m/01jfm_,1.0,0.843,0.978,0.62,0.906
50fdbccbefc1736a,human,/m/01jfm_,1.0,0.278,0.638,0.394,0.57
51f8d48befe0c80b,human,/m/01jfm_,1.0,0.536,0.805,0.448,0.58
927c7a54079e6a94,human,/m/01jfm_,1.0,0.056,0.882,0.125,0.728
b0b0e1b2199cd5b3,human,/m/01jfm_,1.0,0.205,0.45,0.475,0.642
bf651c929317870a,human,/m/01jfm_,1.0,0.107,0.186,0.388,0.517
c2ee4588c51ec473,human,/m/01jfm_,1.0,0.184,0.541,0.216,0.742
d59c43c777c39082,human,/m/01jfm_,1.0,0.156,0.822,0.49,0.94
fe73094afb57502b,human,/m/01jfm_,1.0,0.712,0.811,0.712,0.803
08db15fd76c06f3d,human,/m/01jfm_,1.0,0.807,0.878,0.661,0.785
3d3bfd7cd471236b,human,/m/01jfm_,1.0,0.41,0.588,0.54,0.676
5652ccf125bcf11e,human,/m/01jfm_,1.0,0.682,0.808,0.362,0.475
af85918384877a0e,human,/m/01jfm_,1.0,0.226,0.794,0.33,0.578
c76b184aa6bf917a,human,/m/01jfm_,1.0,0.307,0.46,0.521,0.685
c9e7e86d37d4978c,human,/m/01jfm_,1.0,0.391,0.687,0.442,0.59
e10a89b93ceba2e1,human,/m/01jfm_,1.0,0.58,0.745,0.486,0.619
e842f6c357863e53,human,/m/01jfm_,1.0,0.336,0.605,0.577,0.882
e9eed1f4c80b439e,human,/m/01jfm_,1.0,0.205,0.846,0.597,0.932
032f4b5835e125fe,human,/m/01jfm_,1.0,0.218,0.378,0.693,0.907
044887495ef3a0d0,human,/m/01jfm_,1.0,0.144,0.846,0.428,0.892
2194e2acd76feb74,human,/m/01jfm_,1.0,0.39,0.899,0.413,0.633
230a0d1914172390,human,/m/01jfm_,1.0,0.048,0.82,0.139,0.658
2c57bd6d734b6ff3,human,/m/01jfm_,1.0,0.314,0.715,0.659,0.937
2cf377a12b9c0777,human,/m/01jfm_,1.0,0.427,0.69,0.555,0.691
2ecbb9e4696d0d35,human,/m/01jfm_,1.0,0.145,0.784,0.188,0.686
436449137d4d025b,human,/m/01jfm_,1.0,0.719,0.822,0.392,0.471
4bbfb56361b515fc,human,/m/01jfm_,1.0,0.582,0.789,0.84,0.978
6f85e2d6d22febbf,human,/m/01jfm_,1.0,0.181,0.79,0.217,0.702
832e96278bd0e110,human,/m/01jfm_,1.0,0.328,0.564,0.782,0.888
93e58f4869c4a230,human,/m/01jfm_,1.0,0.155,0.326,0.315,0.475
afe4fab141b1b914,human,/m/01jfm_,1.0,0.816,0.993,0.539,0.952
c3cf19f88814b895,human,/m/01jfm_,1.0,0.412,0.6,0.536,0.706
d1affc69592e06c4,human,/m/01jfm_,1.0,0.428,0.584,0.459,0.555
db79f8b99efd59af,human,/m/01jfm_,1.0,0.457,0.682,0.511,0.659
e676baf83728d4d8,human,/m/01jfm_,1.0,0.213,0.806,0.687,0.915
000f52302c1341eb,human,/m/01jfm_,1.0,0.341,0.471,0.713,0.801
013d1f1e520e0671,human,/m/01jfm_,1.0,0.258,0.48,0.463,0.599
14f874a9951aba17,human,/m/01jfm_,1.0,0.206,0.71,0.382,0.737
2989adf46f70b4e9,human,/m/01jfm_,1.0,0.101,0.238,0.469,0.638
352b12fe29a114a4,human,/m/01jfm_,1.0,0.334,0.538,0.816,0.921
3ca3941c3e1d3c93,human,/m/01jfm_,1.0,0.165,0.3,0.413,0.57
42f3c780f23f327a,human,/m/01jfm_,1.0,0.186,0.355,0.406,0.559
4c4b6573d1a9b044,human,/m/01jfm_,1.0,0.541,0.8,0.524,0.662
4c9def12b33c6e73,human,/m/01jfm_,1.0,0.143,0.238,0.697,0.79
5deaeae2537b8266,human,/m/01jfm_,1.0,0.846,0.946,0.819,0.962
72aefb28e771e050,human,/m/01jfm_,1.0,0.527,0.705,0.711,0.864
7ad1c2cd5f6b48db,human,/m/01jfm_,1.0,0.49,0.701,0.501,0.682
849f6b4aa17a251c,human,/m/01jfm_,1.0,0.82,0.907,0.43,0.537
859ee88b98270960,human,/m/01jfm_,1.0,0.019,0.138,0.324,0.4
8c49c711a69cc1bf,human,/m/01jfm_,1.0,0.159,0.844,0.398,0.569
97e0c9ccf9415aa1,human,/m/01jfm_,1.0,0.513,0.815,0.596,0.738
99504a60b89185e5,human,/m/01jfm_,1.0,0.757,0.838,0.392,0.502
f127d099a0eebbac,human,/m/01jfm_,1.0,0.728,0.813,0.571,0.701
fef9c2a0fafe9fdf,human,/m/01jfm_,1.0,0.427,0.88,0.179,0.492
004792ccf19a9ced,human,/m/01jfm_,1.0,0.726,0.875,0.623,0.742
0c70eaf53604fbfa,human,/m/01jfm_,1.0,0.275,0.668,0.306,0.579
4a77dcb1c733b665,human,/m/01jfm_,1.0,0.557,0.788,0.757,0.879
5b234301a0f9b9d9,human,/m/01jfm_,1.0,0.215,0.365,0.658,0.752
5c479a296f2f6817,human,/m/01jfm_,1.0,0.113,0.962,0.274,0.833
624b898ec6516b10,human,/m/01jfm_,1.0,0.463,0.684,0.637,0.781
86b19bcf922bff72,human,/m/01jfm_,1.0,0.435,0.63,0.759,0.887
87a5f3180c089992,human,/m/01jfm_,1.0,0.852,0.994,0.0,0.317
8d3665d9cfe24270,human,/m/01jfm_,1.0,0.798,0.946,0.57,0.717
8fb6ff82a6109ce7,human,/m/01jfm_,1.0,0.149,0.97,0.299,0.882
8fcc9c55e12198b5,human,/m/01jfm_,1.0,0.607,0.745,0.492,0.597
c0659af6b29d664a,human,/m/01jfm_,1.0,0.617,0.784,0.657,0.743
c87cf01243dbb896,human,/m/01jfm_,1.0,0.103,0.858,0.445,0.944
c9ee6ab289a613b7,human,/m/01jfm_,1.0,0.335,0.637,0.656,0.77
ce32b97daf90ad27,human,/m/01jfm_,1.0,0.131,0.24,0.529,0.621
f199c824b0bd7f17,human,/m/01jfm_,1.0,0.436,0.665,0.428,0.563
f3ecacf903a52827,human,/m/01jfm_,1.0,0.371,0.526,0.578,0.732
071a195878e81eda,human,/m/01jfm_,1.0,0.19,0.319,0.719,0.805
0d8fb19757f8dfe7,human,/m/01jfm_,1.0,0.078,0.885,0.238,0.79
0ebca53717133d62,human,/m/01jfm_,1.0,0.078,0.524,0.271,0.465
1ac5b485b95c9f00,human,/m/01jfm_,1.0,0.103,0.871,0.394,0.829
1c62dcbf9a6c22c7,human,/m/01jfm_,1.0,0.433,0.537,0.378,0.472
2ba9f880cb3ab0ec,human,/m/01jfm_,1.0,0.338,0.592,0.211,0.424
2cb821ca0639adfa,human,/m/01jfm_,1.0,0.554,0.751,0.489,0.624
62b8b71c39f209ea,human,/m/01jfm_,1.0,0.305,0.709,0.291,0.634
6c518466fefa1253,human,/m/01jfm_,1.0,0.761,0.978,0.339,0.765
84ad76a18c71ca51,human,/m/01jfm_,1.0,0.088,0.226,0.41,0.55
a74d9ed0501dc8b6,human,/m/01jfm_,1.0,0.575,0.862,0.545,0.764
c96b403068884a9b,human,/m/01jfm_,1.0,0.891,0.989,0.326,0.554
c9ac4f20dcd3203e,human,/m/01jfm_,1.0,0.744,0.844,0.426,0.534
d0e0ae630a299bf4,human,/m/01jfm_,1.0,0.445,0.605,0.747,0.819
d78902913a14b243,human,/m/01jfm_,1.0,0.026,0.964,0.184,0.751
000228608388803f,human,/m/01jfm_,1.0,0.166,0.319,0.761,0.874
0056d571c56c4f38,human,/m/01jfm_,1.0,0.142,0.447,0.715,0.878
033dc103ddcb1b79,human,/m/01jfm_,1.0,0.744,0.887,0.414,0.614
0bc49bac8978eed9,human,/m/01jfm_,1.0,0.221,0.754,0.369,0.714
3724b94349872972,human,/m/01jfm_,1.0,0.295,0.671,0.31,0.703
455ffb0a3100a4d8,human,/m/01jfm_,1.0,0.122,0.206,0.4,0.518
4a81df03a419cc8c,human,/m/01jfm_,1.0,0.273,0.507,0.692,0.831
5757656a0a237338,human,/m/01jfm_,1.0,0.422,0.989,0.294,0.735
5c55cf36942578fd,human,/m/01jfm_,1.0,0.678,0.797,0.661,0.767
6508d0fa0446843a,human,/m/01jfm_,1.0,0.339,0.64,0.505,0.658
8fad7abf17801cad,human,/m/01jfm_,1.0,0.078,0.192,0.84,0.925
91dfa4e3a623a26c,human,/m/01jfm_,1.0,0.652,0.799,0.448,0.598
924bd3ae56ffd327,human,/m/01jfm_,1.0,0.1,0.826,0.209,0.685
979984b02ff190de,human,/m/01jfm_,1.0,0.669,0.749,0.596,0.694
c15e96127cdbc10e,human,/m/01jfm_,1.0,0.213,0.882,0.074,0.637
c994786b5e48f695,human,/m/01jfm_,1.0,0.771,0.863,0.728,0.839
ca9001c2d06630d5,human,/m/01jfm_,1.0,0.368,0.634,0.439,0.614
cddeaa7666940862,human,/m/01jfm_,1.0,0.258,0.542,0.744,0.876
fe1403a3bc1e6d25,human,/m/01jfm_,1.0,0.115,0.818,0.417,0.937
002f860e692757f7,human,/m/01jfm_,1.0,0.112,0.404,0.881,0.956
0a9e802d8bdce1d5,human,/m/01jfm_,1.0,0.124,0.906,0.1,0.615
1b10bfa44ac0dd52,human,/m/01jfm_,1.0,0.145,0.658,0.443,0.73
24d30a751dc6ffee,human,/m/01jfm_,1.0,0.382,0.581,0.519,0.748
25cc0b320c92c400,human,/m/01jfm_,1.0,0.742,0.983,0.218,0.507
32ee130be84f9cb6,human,/m/01jfm_,1.0,0.176,0.264,0.542,0.631
7791b41d8d0c6feb,human,/m/01jfm_,1.0,0.0,0.997,0.299,0.996
a04f56e3a3250362,human,/m/01jfm_,1.0,0.755,0.845,0.462,0.583
a1729b24d2c29428,human,/m/01jfm_,1.0,0.12,0.903,0.435,0.967
a60da937c3629284,human,/m/01jfm_,1.0,0.194,0.489,0.775,0.899
bdbd205e3ebb4ffb,human,/m/01jfm_,1.0,0.177,0.817,0.461,0.902
c83784732762ca03,human,/m/01jfm_,1.0,0.836,0.933,0.617,0.732
e03666104eb3309b,human,/m/01jfm_,1.0,0.1,0.36,0.438,0.755
fb12adc828b0f0e8,human,/m/01jfm_,1.0,0.648,0.768,0.723,0.825
0dee0d9dfd8e3cfa,human,/m/01jfm_,1.0,0.014,0.989,0.043,0.828
115b0eb593671c78,human,/m/01jfm_,1.0,0.133,0.874,0.281,0.856
1d8de391d073f382,human,/m/01jfm_,1.0,0.003,0.994,0.178,0.845
3cc164ae85fc778b,human,/m/01jfm_,1.0,0.156,0.878,0.3,0.907
81c97dba0e816681,human,/m/01jfm_,1.0,0.749,0.816,0.371,0.48
c9005425919f9618,human,/m/01jfm_,1.0,0.304,0.836,0.262,0.789
d255d2d2d98f2233,human,/m/01jfm_,1.0,0.127,0.696,0.305,0.931
d54ee667fbdce046,human,/m/01jfm_,1.0,0.447,0.614,0.068,0.233
d9dce54ddd79dbe0,human,/m/01jfm_,1.0,0.033,0.806,0.317,0.687
e0b46777fb3b2476,human,/m/01jfm_,1.0,0.193,0.313,0.6,0.68
e259603dae385fdc,human,/m/01jfm_,1.0,0.244,0.447,0.414,0.558
033a703a4771ba75,human,/m/01jfm_,1.0,0.151,0.729,0.44,0.829
05a77f4a44610347,human,/m/01jfm_,1.0,0.326,0.464,0.491,0.63
12e6b81c081f5986,human,/m/01jfm_,1.0,0.013,0.991,0.138,0.823
27801b00dbefaa6d,human,/m/01jfm_,1.0,0.502,0.684,0.41,0.559
30dd6d1aea6a907f,human,/m/01jfm_,1.0,0.033,0.994,0.171,0.656
458b07068580f817,human,/m/01jfm_,1.0,0.288,0.554,0.33,0.474
4f7804dcf8aaf31d,human,/m/01jfm_,1.0,0.236,0.467,0.838,0.953
50786c8f50f80925,human,/m/01jfm_,1.0,0.315,0.655,0.819,0.917
803ebfb42e51b8aa,human,/m/01jfm_,1.0,0.378,0.492,0.432,0.617
9149d679d83e5266,human,/m/01jfm_,1.0,0.119,0.948,0.067,0.85
96af41ca5aa4b054,human,/m/01jfm_,1.0,0.075,0.933,0.24,0.904
b9bed11a76d6faa0,human,/m/01jfm_,1.0,0.405,0.578,0.634,0.798
e0a75eb3b4e0c3c8,human,/m/01jfm_,1.0,0.406,0.645,0.445,0.592
e8f7ae8fdc1a874e,human,/m/01jfm_,1.0,0.814,0.897,0.618,0.723
f0b02da9d766d670,human,/m/01jfm_,1.0,0.752,0.975,0.289,0.621
f22bac2bd2880289,human,/m/01jfm_,1.0,0.423,0.865,0.661,0.972
00b6f96c840767fa,human,/m/01jfm_,1.0,0.17,0.842,0.642,0.845
06e792fc023605b6,human,/m/01jfm_,1.0,0.159,0.763,0.445,0.866
075714e701a2f746,human,/m/01jfm_,1.0,0.451,0.798,0.549,0.877
132bb87427676a1b,human,/m/01jfm_,1.0,0.002,0.997,0.008,0.994
226a58959858e4ba,human,/m/01jfm_,1.0,0.191,0.829,0.384,0.833
4c2990341a491a57,human,/m/01jfm_,1.0,0.412,0.552,0.538,0.638
4d04ac9849468efc,human,/m/01jfm_,1.0,0.725,0.828,0.522,0.616
4f6b63a0ef8c57d0,human,/m/01jfm_,1.0,0.292,0.715,0.443,0.735
bf39b022d8e74c53,human,/m/01jfm_,1.0,0.368,0.579,0.643,0.78
eccd0f52e538325d,human,/m/01jfm_,1.0,0.418,0.657,0.498,0.618
edfe19a0a215a573,human,/m/01jfm_,1.0,0.155,0.465,0.771,0.924
009fcce3b5493593,human,/m/01jfm_,1.0,0.809,0.877,0.457,0.587
00d5963c8f8e5381,human,/m/01jfm_,1.0,0.204,0.324,0.583,0.704
1b8174db710a27b9,human,/m/01jfm_,1.0,0.467,0.719,0.413,0.718
476449bc91255ce6,human,/m/01jfm_,1.0,0.133,0.22,0.568,0.676
603befc2d5165924,human,/m/01jfm_,1.0,0.009,1.0,0.214,0.823
781ac831b0c88197,human,/m/01jfm_,1.0,0.488,0.831,0.62,0.757
a07cba3b3965f421,human,/m/01jfm_,1.0,0.322,0.708,0.777,0.851
e4fcd854196910eb,human,/m/01jfm_,1.0,0.442,0.641,0.566,0.704
ef3a89b78879f6a4,human,/m/01jfm_,1.0,0.679,0.836,0.721,0.849
f49c6df579805adf,human,/m/01jfm_,1.0,0.664,0.896,0.674,0.905
077fadddad9683b8,human,/m/01jfm_,1.0,0.167,0.782,0.267,0.715
0bf6924e28109d79,human,/m/01jfm_,1.0,0.063,0.924,0.221,0.845
13c5214e520c2ad7,human,/m/01jfm_,1.0,0.277,0.819,0.227,0.667
1a66e52d4fe5c92c,human,/m/01jfm_,1.0,0.183,0.844,0.438,0.891
1c94bbcd8746e280,human,/m/01jfm_,1.0,0.41,0.614,0.791,0.919
3008bb0513257446,human,/m/01jfm_,1.0,0.026,0.198,0.726,0.88
362a0fbb2a933887,human,/m/01jfm_,1.0,0.225,0.775,0.517,0.807
47d351e7dfeaf20d,human,/m/01jfm_,1.0,0.029,0.971,0.438,0.723
607ae02646d4675e,human,/m/01jfm_,1.0,0.184,0.846,0.439,0.875
64194f62f5e222fd,human,/m/01jfm_,1.0,0.099,0.895,0.311,0.862
7ee59038cdf9ab1c,human,/m/01jfm_,1.0,0.355,0.67,0.328,0.742
88aea056d5d00212,human,/m/01jfm_,1.0,0.673,0.804,0.796,0.892
89b0ef07d0ce08a5,human,/m/01jfm_,1.0,0.227,0.738,0.416,0.692
9874e25925386559,human,/m/01jfm_,1.0,0.592,0.835,0.401,0.55
a85b4863a25e95b0,human,/m/01jfm_,1.0,0.06,0.149,0.474,0.589
b7e6c3b48c0de86c,human,/m/01jfm_,1.0,0.199,0.338,0.6,0.746
c51c75ab80d5b749,human,/m/01jfm_,1.0,0.175,0.831,0.42,0.879
d99ac9e31d6ba167,human,/m/01jfm_,1.0,0.885,0.963,0.696,0.83
f96571a17b8fc7bf,human,/m/01jfm_,1.0,0.052,1.0,0.134,0.928
fa0e8e96ce9a9188,human,/m/01jfm_,1.0,0.28,0.467,0.77,0.969
075714e701a2f746,human,/m/01jfm_,1.0,0.408,0.782,0.511,0.996
1861653174570da4,human,/m/01jfm_,1.0,0.336,0.663,0.407,0.71
456a3b279192bf04,human,/m/01jfm_,1.0,0.233,0.797,0.212,0.643
8f57179b1855d639,human,/m/01jfm_,1.0,0.269,0.784,0.216,0.71
b0771e68bdc5d771,human,/m/01jfm_,1.0,0.478,0.648,0.536,0.668
b61a053351e731ab,human,/m/01jfm_,1.0,0.149,0.253,0.483,0.573
be521500453a5ca6,human,/m/01jfm_,1.0,0.22,0.3,0.813,0.902
d160fd3268cfa030,human,/m/01jfm_,1.0,0.165,0.565,0.556,0.986
da05ed12e18fba0f,human,/m/01jfm_,1.0,0.854,0.921,0.496,0.604
dc3c6a2994b95eeb,human,/m/01jfm_,1.0,0.395,0.567,0.375,0.557
deebd66e28aecfaa,human,/m/01jfm_,1.0,0.398,0.514,0.648,0.758
eb29734eac16f813,human,/m/01jfm_,1.0,0.578,0.856,0.718,0.833
000228608388803f,human,/m/01jfm_,1.0,0.179,0.314,0.755,0.851
0edc099bfd00f5cd,human,/m/01jfm_,1.0,0.337,0.55,0.559,0.664
27e27f76637103bf,human,/m/01jfm_,1.0,0.355,0.683,0.311,0.56
4374a09d31427433,human,/m/01jfm_,1.0,0.196,0.69,0.244,0.62
48133c9529776b6c,human,/m/01jfm_,1.0,0.271,0.438,0.532,0.685
4c3a1ca56799ecea,human,/m/01jfm_,1.0,0.499,0.699,0.271,0.473
5ecc9ac8c0912dbc,human,/m/01jfm_,1.0,0.558,0.912,0.83,0.969
a3e88a97c3f43b6a,human,/m/01jfm_,1.0,0.18,0.371,0.764,0.906
ddb6060c620412f0,human,/m/01jfm_,1.0,0.109,0.316,0.867,0.974
e427163fd08e86e7,human,/m/01jfm_,1.0,0.031,0.332,0.687,0.798
0c895b1d00fc072c,human,/m/01jfm_,1.0,0.08,0.907,0.199,0.72
0ece0bf7fa32d214,human,/m/01jfm_,1.0,0.033,0.976,0.164,0.981
1209fabf811c2a77,human,/m/01jfm_,1.0,0.216,0.7,0.293,0.857
40d9a65dba85495e,human,/m/01jfm_,1.0,0.083,0.913,0.168,0.824
57eed39c48c01fbc,human,/m/01jfm_,1.0,0.617,0.772,0.405,0.564
69b98f9f3f547a57,human,/m/01jfm_,1.0,0.373,0.648,0.343,0.49
7a49565cc37b4aad,human,/m/01jfm_,1.0,0.136,0.299,0.553,0.691
7c1ed29b9e486784,human,/m/01jfm_,1.0,0.259,0.343,0.542,0.633
849cd991201a6716,human,/m/01jfm_,1.0,0.758,0.826,0.268,0.408
86088539378818b0,human,/m/01jfm_,1.0,0.283,0.726,0.344,0.611
8e0445fce2c56a20,human,/m/01jfm_,1.0,0.666,0.772,0.607,0.712
ac56b271b40439ca,human,/m/01jfm_,1.0,0.091,0.871,0.24,0.741
afc126fef7ccbf83,human,/m/01jfm_,1.0,0.267,0.415,0.398,0.594
b99b603e22acdd1e,human,/m/01jfm_,1.0,0.263,0.543,0.69,0.811
cbe4be789d7ffa65,human,/m/01jfm_,1.0,0.858,0.97,0.025,0.093
e2b20a4648f2b83d,human,/m/01jfm_,1.0,0.651,0.741,0.645,0.766
001156eb13f37194,human,/m/01jfm_,1.0,0.582,0.807,0.648,0.805
074f28c6543209af,human,/m/01jfm_,1.0,0.463,0.568,0.512,0.616
108e2cc9f6078bf9,human,/m/01jfm_,1.0,0.078,0.223,0.455,0.549
21a5fea23361b170,human,/m/01jfm_,1.0,0.416,0.569,0.823,0.954
80a7f62f538f7fc9,human,/m/01jfm_,1.0,0.071,0.918,0.146,0.888
a644de11acb76b67,human,/m/01jfm_,1.0,0.3,0.507,0.635,0.788
ea71379a55835d17,human,/m/01jfm_,1.0,0.011,0.997,0.179,0.864
1d542803f9e35f52,human,/m/01jfm_,1.0,0.605,0.842,0.741,0.872
247b9ef2723cc748,human,/m/01jfm_,1.0,0.205,0.333,0.603,0.709
4debd5bfa06748c5,human,/m/01jfm_,1.0,0.416,0.796,0.53,0.774
6b7d045911adec35,human,/m/01jfm_,1.0,0.161,0.897,0.472,0.816
6c71c55626eb254c,human,/m/01jfm_,1.0,0.128,0.358,0.591,0.74
a2b1b9fc5558c5b5,human,/m/01jfm_,1.0,0.208,0.825,0.297,0.742
b25d5c292806fe1c,human,/m/01jfm_,1.0,0.234,0.772,0.33,0.899
f1104b1df459c1be,human,/m/01jfm_,1.0,0.263,0.391,0.309,0.52
1622ac64b768cef0,human,/m/01jfm_,1.0,0.202,0.783,0.743,0.972
25910a46cae6d0f5,human,/m/01jfm_,1.0,0.876,0.987,0.525,0.706
29d5d51323d38be2,human,/m/01jfm_,1.0,0.604,0.703,0.57,0.678
65ad116a7a04a168,human,/m/01jfm_,1.0,0.157,0.81,0.283,0.724
6a1937493e60b100,human,/m/01jfm_,1.0,0.184,0.399,0.434,0.594
cf5f628b5dea8423,human,/m/01jfm_,1.0,0.105,0.181,0.638,0.738
daa14c1fab7b0159,human,/m/01jfm_,1.0,0.381,0.618,0.699,0.749
082f5ae635a90152,human,/m/01jfm_,1.0,0.216,0.609,0.433,0.782
13381e25d1e9d39e,human,/m/01jfm_,1.0,0.186,0.621,0.33,0.654
29ca6d8fdd58d2bc,human,/m/01jfm_,1.0,0.134,0.24,0.479,0.542
3cfc9db999159182,human,/m/01jfm_,1.0,0.364,0.576,0.76,0.9
49ad072f6bd4ee7b,human,/m/01jfm_,1.0,0.083,0.949,0.09,0.644
51fce5afdbd0a768,human,/m/01jfm_,1.0,0.013,0.981,0.186,0.872
5363da035dd7a5c5,human,/m/01jfm_,1.0,0.08,0.288,0.51,0.66
650ae7efc646157f,human,/m/01jfm_,1.0,0.221,0.706,0.426,0.779
6f755af2ec69acc9,human,/m/01jfm_,1.0,0.085,0.704,0.399,0.854
7e48332ff5093b62,human,/m/01jfm_,1.0,0.734,0.815,0.482,0.592
8f8f58165a8edd53,human,/m/01jfm_,1.0,0.008,0.978,0.062,0.854
bf4689922cdfd532,human,/m/01jfm_,1.0,0.377,0.603,0.727,0.837
c7c47b1790688919,human,/m/01jfm_,1.0,0.353,0.565,0.786,0.948
c84b32b652b20f2b,human,/m/01jfm_,1.0,0.235,0.521,0.286,0.441
caa02862dfb55c19,human,/m/01jfm_,1.0,0.453,0.906,0.428,0.854
e214ee0ccfac8cba,human,/m/01jfm_,1.0,0.649,0.757,0.488,0.596
ebfe35fbb4980bf4,human,/m/01jfm_,1.0,0.222,0.834,0.289,0.784
ed280fb0df244093,human,/m/01jfm_,1.0,0.28,0.587,0.842,0.927
IMG_0281,human,/m/01jfm_,1,0.171,0.295,0.396,0.535
IMG_0281,human,/m/01jfm_,1,0.64,0.727,0.093,0.179
IMG_0282,human,/m/01jfm_,1,0.166,0.305,0.404,0.534
IMG_0282,human,/m/01jfm_,1,0.643,0.725,0.095,0.183
IMG_0283,human,/m/01jfm_,1,0.375,0.458,0.415,0.498
IMG_0285,human,/m/01jfm_,1,0.44,0.621,0.48,0.595
IMG_0286,human,/m/01jfm_,1,0.409,0.506,0.439,0.531
IMG_0287,human,/m/01jfm_,1,0.42,0.509,0.438,0.524
IMG_0288,human,/m/01jfm_,1,0.339,0.578,0.383,0.618
IMG_0289,human,/m/01jfm_,1,0.351,0.495,0.361,0.515
IMG_0290,human,/m/01jfm_,1,0.218,0.351,0.396,0.527
IMG_0290,human,/m/01jfm_,1,0.738,0.895,0.406,0.541
IMG_0291,human,/m/01jfm_,1,0.217,0.291,0.42,0.504
IMG_0291,human,/m/01jfm_,1,0.45,0.542,0.516,0.618
IMG_0291,human,/m/01jfm_,1,0.73,0.856,0.597,0.733
IMG_0291,human,/m/01jfm_,1,0.072,0.12,0.303,0.383
IMG_0292,human,/m/01jfm_,1,0.737,0.857,0.599,0.735
IMG_0292,human,/m/01jfm_,1,0.451,0.542,0.516,0.618
IMG_0292,human,/m/01jfm_,1,0.224,0.289,0.42,0.508
IMG_0292,human,/m/01jfm_,1,0.077,0.121,0.308,0.369
IMG_0293,human,/m/01jfm_,1,0.442,0.621,0.466,0.68
IMG_0294,human,/m/01jfm_,1,0.669,0.791,0.611,0.823
IMG_0294,human,/m/01jfm_,1,0.882,0.93,0.124,0.212
IMG_0294,human,/m/01jfm_,1,0.821,0.894,0.18,0.27
IMG_0294,human,/m/01jfm_,1,0.604,0.711,0.345,0.494
IMG_0294,human,/m/01jfm_,1,0.296,0.431,0.423,0.632
IMG_0295,human,/m/01jfm_,1,0.885,0.939,0.122,0.221
IMG_0295,human,/m/01jfm_,1,0.818,0.899,0.194,0.267
IMG_0295,human,/m/01jfm_,1,0.667,0.786,0.618,0.82
IMG_0295,human,/m/01jfm_,1,0.602,0.737,0.353,0.495
IMG_0295,human,/m/01jfm_,1,0.282,0.436,0.453,0.622
IMG_0296,human,/m/01jfm_,1,0.651,0.785,0.448,0.585
IMG_0296,human,/m/01jfm_,1,0.135,0.259,0.465,0.617
IMG_0297,human,/m/01jfm_,1,0.645,0.79,0.447,0.591
IMG_0297,human,/m/01jfm_,1,0.144,0.25,0.47,0.614
IMG_0299,human,/m/01jfm_,1,0.455,0.607,0.501,0.673
IMG_0300,human,/m/01jfm_,1,0.458,0.604,0.501,0.664
IMG_0301,human,/m/01jfm_,1,0.207,0.35,0.445,0.584
IMG_0301,human,/m/01jfm_,1,0.602,0.709,0.442,0.569
IMG_0301,human,/m/01jfm_,1,0.895,0.992,0.361,0.468
IMG_0303,human,/m/01jfm_,1,0.251,0.413,0.439,0.556
IMG_0303,human,/m/01jfm_,1,0.789,0.953,0.5,0.645
IMG_0304,human,/m/01jfm_,1,0.529,0.605,0.473,0.592
IMG_0304,human,/m/01jfm_,1,0.333,0.387,0.461,0.563
IMG_0304,human,/m/01jfm_,1,0.524,0.544,0.086,0.112
IMG_0304,human,/m/01jfm_,1,0.707,0.734,0.103,0.128
IMG_0304,human,/m/01jfm_,1,0.925,0.97,0.095,0.124
IMG_0305,human,/m/01jfm_,1,0.213,0.368,0.484,0.594
IMG_0305,human,/m/01jfm_,1,0.66,0.766,0.479,0.578
IMG_0305,human,/m/01jfm_,1,0.42,0.447,0.073,0.106
IMG_0306,human,/m/01jfm_,1,0.463,0.535,0.462,0.547
IMG_0306,human,/m/01jfm_,1,0.805,0.902,0.493,0.586
IMG_0306,human,/m/01jfm_,1,0.144,0.203,0.293,0.357
IMG_0306,human,/m/01jfm_,1,0.601,0.632,0.205,0.232
IMG_0306,human,/m/01jfm_,1,0.835,0.868,0.238,0.261
IMG_0307,human,/m/01jfm_,1,0.544,0.63,0.49,0.554
IMG_0307,human,/m/01jfm_,1,0.637,0.676,0.263,0.296
IMG_0307,human,/m/01jfm_,1,0.446,0.467,0.184,0.202
IMG_0307,human,/m/01jfm_,1,0.12,0.155,0.204,0.238
IMG_0308,human,/m/01jfm_,1,0.095,0.17,0.424,0.51
IMG_0308,human,/m/01jfm_,1,0.494,0.59,0.514,0.623
IMG_0308,human,/m/01jfm_,1,0.853,0.968,0.565,0.674
IMG_0308,human,/m/01jfm_,1,0.768,0.826,0.275,0.332
IMG_0308,human,/m/01jfm_,1,0.892,0.924,0.161,0.192
IMG_0308,human,/m/01jfm_,1,0.727,0.747,0.098,0.117
IMG_0308,human,/m/01jfm_,1,0.471,0.49,0.105,0.125
IMG_0309,human,/m/01jfm_,1,0.525,0.624,0.541,0.63
IMG_0309,human,/m/01jfm_,1,0.764,0.831,0.388,0.443
IMG_0309,human,/m/01jfm_,1,0.166,0.303,0.577,0.678
IMG_0310,human,/m/01jfm_,1,0.364,0.427,0.472,0.549
IMG_0310,human,/m/01jfm_,1,0.113,0.178,0.406,0.461
IMG_0310,human,/m/01jfm_,1,0.814,0.94,0.63,0.708
IMG_0310,human,/m/01jfm_,1,0.927,0.981,0.37,0.463
IMG_0310,human,/m/01jfm_,1,0.974,1.0,0.323,0.391
IMG_0311,human,/m/01jfm_,1,0.118,0.185,0.399,0.463
IMG_0311,human,/m/01jfm_,1,0.365,0.433,0.47,0.547
IMG_0311,human,/m/01jfm_,1,0.815,0.951,0.607,0.732
IMG_0311,human,/m/01jfm_,1,0.916,0.985,0.37,0.456
IMG_0311,human,/m/01jfm_,1,0.972,1.0,0.325,0.387
IMG_0312,human,/m/01jfm_,1,0.106,0.199,0.493,0.567
IMG_0312,human,/m/01jfm_,1,0.606,0.698,0.57,0.659
IMG_0312,human,/m/01jfm_,1,0.779,0.843,0.382,0.443
IMG_0313,human,/m/01jfm_,1,0.126,0.218,0.733,0.819
IMG_0313,human,/m/01jfm_,1,0.594,0.699,0.796,0.877
IMG_0313,human,/m/01jfm_,1,0.773,0.84,0.564,0.617
IMG_0314,human,/m/01jfm_,1,0.37,0.623,0.38,0.639
IMG_0315,human,/m/01jfm_,1,0.457,0.579,0.407,0.58
IMG_0316,human,/m/01jfm_,1,0.3,0.497,0.496,0.766
IMG_0317,human,/m/01jfm_,1,0.296,0.478,0.497,0.774
IMG_0317,human,/m/01jfm_,1,0.327,0.446,0.508,0.749
IMG_0318,human,/m/01jfm_,1,0.43,0.56,0.394,0.532
IMG_0318,human,/m/01jfm_,1,0.806,0.87,0.112,0.165
IMG_0319,human,/m/01jfm_,1,0.702,0.868,0.47,0.625
IMG_0319,human,/m/01jfm_,1,0.714,0.848,0.495,0.608
IMG_0319,human,/m/01jfm_,1,0.0,0.061,0.306,0.409
IMG_0319,human,/m/01jfm_,1,0.0,0.054,0.317,0.395
IMG_0320,human,/m/01jfm_,1,0.409,0.559,0.46,0.618
IMG_0320,human,/m/01jfm_,1,0.427,0.537,0.468,0.599
IMG_0321,human,/m/01jfm_,1,0.136,0.303,0.39,0.552
IMG_0321,human,/m/01jfm_,1,0.157,0.291,0.404,0.55
IMG_0321,human,/m/01jfm_,1,0.533,0.63,0.54,0.678
IMG_0323,human,/m/01jfm_,1,0.144,0.27,0.369,0.487
IMG_0323,human,/m/01jfm_,1,0.164,0.264,0.386,0.481
IMG_0323,human,/m/01jfm_,1,0.606,0.745,0.663,0.853
IMG_0323,human,/m/01jfm_,1,0.626,0.738,0.689,0.832
IMG_0323,human,/m/01jfm_,1,0.754,0.837,0.337,0.411
IMG_0324,human,/m/01jfm_,1,0.035,0.119,0.405,0.493
IMG_0324,human,/m/01jfm_,1,0.337,0.418,0.431,0.508
IMG_0324,human,/m/01jfm_,1,0.833,0.949,0.639,0.795
IMG_0324,human,/m/01jfm_,1,0.842,0.938,0.667,0.783
IMG_0325,human,/m/01jfm_,1,0.382,0.504,0.585,0.69
IMG_0325,human,/m/01jfm_,1,0.773,0.909,0.593,0.749
IMG_0325,human,/m/01jfm_,1,0.655,0.705,0.209,0.264
IMG_0325,human,/m/01jfm_,1,0.022,0.079,0.107,0.189
IMG_0325,human,/m/01jfm_,1,0.094,0.13,0.005,0.07
IMG_0326,human,/m/01jfm_,1,0.507,0.641,0.421,0.57
IMG_0326,human,/m/01jfm_,1,0.168,0.352,0.541,0.676
IMG_0326,human,/m/01jfm_,1,0.768,0.823,0.229,0.343
IMG_0326,human,/m/01jfm_,1,0.8,0.842,0.16,0.241
IMG_0326,human,/m/01jfm_,1,0.912,0.96,0.111,0.183
IMG_0327,human,/m/01jfm_,1,0.307,0.51,0.53,0.793
IMG_0327,human,/m/01jfm_,1,0.567,0.668,0.266,0.427
IMG_0327,human,/m/01jfm_,1,0.888,0.964,0.085,0.197
IMG_0328,human,/m/01jfm_,1,0.454,0.602,0.411,0.551
IMG_0329,human,/m/01jfm_,1,0.42,0.653,0.469,0.726
IMG_0330,human,/m/01jfm_,1,0.42,0.655,0.461,0.732
IMG_0331,human,/m/01jfm_,1,0.476,0.593,0.439,0.567
IMG_0332,human,/m/01jfm_,1,0.474,0.606,0.447,0.567
IMG_0332,human,/m/01jfm_,1,0.69,0.785,0.263,0.387
IMG_0333,human,/m/01jfm_,1,0.364,0.534,0.568,0.733
IMG_0334,human,/m/01jfm_,1,0.366,0.531,0.569,0.742
IMG_0335,human,/m/01jfm_,1,0.519,0.675,0.504,0.696
IMG_0335,human,/m/01jfm_,1,0.558,0.655,0.526,0.683
IMG_0335,human,/m/01jfm_,1,0.292,0.384,0.388,0.516
IMG_0335,human,/m/01jfm_,1,0.275,0.398,0.378,0.541
IMG_0335,human,/m/01jfm_,1,0.035,0.113,0.188,0.296
IMG_0336,human,/m/01jfm_,1,0.041,0.111,0.169,0.299
IMG_0336,human,/m/01jfm_,1,0.302,0.382,0.385,0.527
IMG_0336,human,/m/01jfm_,1,0.558,0.659,0.495,0.695
IMG_0336,human,/m/01jfm_,1,0.521,0.708,0.502,0.71
IMG_0337,human,/m/01jfm_,1,0.265,0.438,0.566,0.716
IMG_0337,human,/m/01jfm_,1,0.681,0.847,0.424,0.554
IMG_0337,human,/m/01jfm_,1,0.644,0.878,0.395,0.565
IMG_0338,human,/m/01jfm_,1,0.256,0.44,0.571,0.699
IMG_0338,human,/m/01jfm_,1,0.686,0.847,0.404,0.547
IMG_0339,human,/m/01jfm_,1,0.413,0.668,0.49,0.748
IMG_0340,human,/m/01jfm_,1,0.298,0.567,0.504,0.821
IMG_0341,human,/m/01jfm_,1,0.364,0.595,0.353,0.715
IMG_0342,human,/m/01jfm_,1,0.336,0.529,0.403,0.73
IMG_0342,human,/m/01jfm_,1,0.367,0.5,0.442,0.702
IMG_0343,human,/m/01jfm_,1,0.369,0.532,0.407,0.726
IMG_0343,human,/m/01jfm_,1,0.389,0.516,0.447,0.705
IMG_0344,human,/m/01jfm_,1,0.323,0.473,0.384,0.625
IMG_0344,human,/m/01jfm_,1,0.343,0.446,0.399,0.616
IMG_0345,human,/m/01jfm_,1,0.439,0.611,0.506,0.652
IMG_0345,human,/m/01jfm_,1,0.413,0.633,0.473,0.678
IMG_0346,human,/m/01jfm_,1,0.494,0.686,0.533,0.75
IMG_0346,human,/m/01jfm_,1,0.0,0.062,0.3,0.466
IMG_0347,human,/m/01jfm_,1,0.498,0.69,0.535,0.752
IMG_0347,human,/m/01jfm_,1,0.0,0.065,0.297,0.47
IMG_0348,human,/m/01jfm_,1,0.402,0.553,0.461,0.677
IMG_0348,human,/m/01jfm_,1,0.04,0.111,0.21,0.348
IMG_0348,human,/m/01jfm_,1,0.013,0.137,0.199,0.358
IMG_0349,human,/m/01jfm_,1,0.032,0.12,0.212,0.351
IMG_0349,human,/m/01jfm_,1,0.014,0.131,0.197,0.348
IMG_0349,human,/m/01jfm_,1,0.396,0.561,0.46,0.66
IMG_0350,human,/m/01jfm_,1,0.371,0.629,0.44,0.653
IMG_0351,human,/m/01jfm_,1,0.46,0.631,0.355,0.622
IMG_0351,human,/m/01jfm_,1,0.374,0.686,0.37,0.596
IMG_0351,human,/m/01jfm_,1,0.678,0.791,0.228,0.363
IMG_0351,human,/m/01jfm_,1,0.651,0.803,0.242,0.35
IMG_0352,human,/m/01jfm_,1,0.67,0.806,0.231,0.368
IMG_0352,human,/m/01jfm_,1,0.412,0.675,0.378,0.596
IMG_0353,human,/m/01jfm_,1,0.222,0.39,0.492,0.641
IMG_0353,human,/m/01jfm_,1,0.584,0.769,0.473,0.623
IMG_0354,human,/m/01jfm_,1,0.224,0.389,0.492,0.634
IMG_0354,human,/m/01jfm_,1,0.597,0.767,0.468,0.63
IMG_0355,human,/m/01jfm_,1,0.349,0.501,0.474,0.63
IMG_0355,human,/m/01jfm_,1,0.754,0.923,0.684,0.854
IMG_0356,human,/m/01jfm_,1,0.344,0.506,0.476,0.617
IMG_0356,human,/m/01jfm_,1,0.749,0.922,0.671,0.863
IMG_0357,human,/m/01jfm_,1,0.105,0.23,0.563,0.66
IMG_0357,human,/m/01jfm_,1,0.345,0.46,0.459,0.592
IMG_0357,human,/m/01jfm_,1,0.765,0.895,0.547,0.666
IMG_0357,human,/m/01jfm_,1,0.31,0.344,0.046,0.073
IMG_0357,human,/m/01jfm_,1,0.275,0.312,0.093,0.131
IMG_0358,human,/m/01jfm_,1,0.513,0.635,0.517,0.627
IMG_0358,human,/m/01jfm_,1,0.051,0.191,0.499,0.627
IMG_0358,human,/m/01jfm_,1,0.866,0.906,0.384,0.493
IMG_0358,human,/m/01jfm_,1,0.823,0.947,0.417,0.484
IMG_0358,human,/m/01jfm_,1,0.844,0.945,0.4,0.484
IMG_0358,human,/m/01jfm_,1,0.0,0.018,0.086,0.124
IMG_0359,human,/m/01jfm_,1,0.234,0.333,0.518,0.68
IMG_0359,human,/m/01jfm_,1,0.545,0.651,0.367,0.464
IMG_0359,human,/m/01jfm_,1,0.681,0.765,0.429,0.497
IMG_0359,human,/m/01jfm_,1,0.885,0.939,0.34,0.401
IMG_0359,human,/m/01jfm_,1,0.918,0.985,0.284,0.352
IMG_0360,human,/m/01jfm_,1,0.199,0.39,0.615,0.75
IMG_0360,human,/m/01jfm_,1,0.573,0.729,0.506,0.657
IMG_0361,human,/m/01jfm_,1,0.23,0.378,0.449,0.575
IMG_0361,human,/m/01jfm_,1,0.569,0.699,0.498,0.689
IMG_0362,human,/m/01jfm_,1,0.327,0.401,0.47,0.605
IMG_0362,human,/m/01jfm_,1,0.123,0.217,0.303,0.383
IMG_0363,human,/m/01jfm_,1,0.328,0.403,0.476,0.61
IMG_0363,human,/m/01jfm_,1,0.13,0.219,0.304,0.392
IMG_0364,human,/m/01jfm_,1,0.558,0.678,0.518,0.667
IMG_0364,human,/m/01jfm_,1,0.919,1.0,0.384,0.513
IMG_0365,human,/m/01jfm_,1,0.552,0.674,0.52,0.663
IMG_0365,human,/m/01jfm_,1,0.912,1.0,0.381,0.506
IMG_0366,human,/m/01jfm_,1,0.213,0.361,0.498,0.569
IMG_0366,human,/m/01jfm_,1,0.198,0.367,0.47,0.597
IMG_0366,human,/m/01jfm_,1,0.668,0.775,0.457,0.493
IMG_0366,human,/m/01jfm_,1,0.662,0.777,0.42,0.532
IMG_0366,human,/m/01jfm_,1,0.702,0.739,0.408,0.548
IMG_0366,human,/m/01jfm_,1,0.819,0.836,0.2,0.294
IMG_0366,human,/m/01jfm_,1,0.8,0.849,0.228,0.27
IMG_0366,human,/m/01jfm_,1,0.786,0.858,0.212,0.292
IMG_0366,human,/m/01jfm_,1,0.93,0.977,0.226,0.247
IMG_0366,human,/m/01jfm_,1,0.954,0.964,0.197,0.282
IMG_0366,human,/m/01jfm_,1,0.927,0.982,0.201,0.288
IMG_0367,human,/m/01jfm_,1,0.338,0.443,0.373,0.508
IMG_0367,human,/m/01jfm_,1,0.677,0.874,0.671,0.933
IMG_0367,human,/m/01jfm_,1,0.058,0.114,0.315,0.439
IMG_0368,human,/m/01jfm_,1,0.161,0.25,0.395,0.538
IMG_0368,human,/m/01jfm_,1,0.535,0.66,0.542,0.709
IMG_0368,human,/m/01jfm_,1,0.0,0.076,0.368,0.46
IMG_0369,human,/m/01jfm_,1,0.168,0.246,0.399,0.534
IMG_0369,human,/m/01jfm_,1,0.542,0.664,0.554,0.721
IMG_0369,human,/m/01jfm_,1,0.0,0.075,0.362,0.459
IMG_0370,human,/m/01jfm_,1,0.13,0.307,0.409,0.538
IMG_0370,human,/m/01jfm_,1,0.562,0.74,0.489,0.701
IMG_0371,human,/m/01jfm_,1,0.139,0.306,0.412,0.533
IMG_0371,human,/m/01jfm_,1,0.558,0.744,0.49,0.7
IMG_0372,human,/m/01jfm_,1,0.216,0.259,0.457,0.593
IMG_0372,human,/m/01jfm_,1,0.194,0.285,0.456,0.584
IMG_0372,human,/m/01jfm_,1,0.826,0.964,0.453,0.608
IMG_0372,human,/m/01jfm_,1,0.81,0.974,0.439,0.628
IMG_0372,human,/m/01jfm_,1,0.038,0.072,0.233,0.323
IMG_0372,human,/m/01jfm_,1,0.023,0.071,0.237,0.307
IMG_0373,human,/m/01jfm_,1,0.005,0.161,0.525,0.616
IMG_0373,human,/m/01jfm_,1,0.024,0.139,0.485,0.656
IMG_0373,human,/m/01jfm_,1,0.485,0.575,0.549,0.716
IMG_0373,human,/m/01jfm_,1,0.456,0.606,0.59,0.674
IMG_0373,human,/m/01jfm_,1,0.833,0.992,0.606,0.678
IMG_0373,human,/m/01jfm_,1,0.871,0.947,0.555,0.74
IMG_0373,human,/m/01jfm_,1,0.832,0.99,0.555,0.744
IMG_0374,human,/m/01jfm_,1,0.005,0.164,0.527,0.616
IMG_0374,human,/m/01jfm_,1,0.023,0.139,0.492,0.661
IMG_0374,human,/m/01jfm_,1,0.0,0.161,0.488,0.666
IMG_0374,human,/m/01jfm_,1,0.458,0.602,0.593,0.667
IMG_0374,human,/m/01jfm_,1,0.482,0.572,0.55,0.723
IMG_0374,human,/m/01jfm_,1,0.455,0.606,0.543,0.729
IMG_0374,human,/m/01jfm_,1,0.869,0.951,0.557,0.743
IMG_0374,human,/m/01jfm_,1,0.831,0.987,0.617,0.68
IMG_0374,human,/m/01jfm_,1,0.827,0.998,0.556,0.746
IMG_0375,human,/m/01jfm_,1,0.537,0.624,0.57,0.807
IMG_0375,human,/m/01jfm_,1,0.511,0.653,0.635,0.723
IMG_0375,human,/m/01jfm_,1,0.509,0.661,0.569,0.815
IMG_0376,human,/m/01jfm_,1,0.532,0.616,0.573,0.821
IMG_0376,human,/m/01jfm_,1,0.509,0.648,0.635,0.727
IMG_0376,human,/m/01jfm_,1,0.506,0.657,0.57,0.823
IMG_0377,human,/m/01jfm_,1,0.471,0.567,0.446,0.662
IMG_0377,human,/m/01jfm_,1,0.43,0.609,0.519,0.595
IMG_0377,human,/m/01jfm_,1,0.43,0.609,0.446,0.663
IMG_0378,human,/m/01jfm_,1,0.493,0.513,0.47,0.655
IMG_0378,human,/m/01jfm_,1,0.446,0.554,0.55,0.586
IMG_0378,human,/m/01jfm_,1,0.446,0.554,0.471,0.658
IMG_0378,human,/m/01jfm_,1,0.87,0.89,0.048,0.113
IMG_0378,human,/m/01jfm_,1,0.866,0.894,0.075,0.087
IMG_0378,human,/m/01jfm_,1,0.862,0.902,0.046,0.115
IMG_0379,human,/m/01jfm_,1,0.496,0.514,0.472,0.65
IMG_0379,human,/m/01jfm_,1,0.448,0.553,0.541,0.588
IMG_0379,human,/m/01jfm_,1,0.447,0.555,0.472,0.657
IMG_0379,human,/m/01jfm_,1,0.862,0.895,0.044,0.11
IMG_0380,human,/m/01jfm_,1,0.439,0.52,0.465,0.607
IMG_0380,human,/m/01jfm_,1,0.213,0.25,0.213,0.317
IMG_0381,human,/m/01jfm_,1,0.434,0.518,0.451,0.602
IMG_0381,human,/m/01jfm_,1,0.199,0.254,0.206,0.305
IMG_0382,human,/m/01jfm_,1,0.478,0.582,0.464,0.628
IMG_0384,human,/m/01jfm_,1,0.382,0.451,0.435,0.582
IMG_0384,human,/m/01jfm_,1,0.143,0.234,0.334,0.429
IMG_0385,human,/m/01jfm_,1,0.145,0.234,0.326,0.424
IMG_0385,human,/m/01jfm_,1,0.382,0.463,0.436,0.568
IMG_0386,human,/m/01jfm_,1,0.518,0.608,0.463,0.64
IMG_0386,human,/m/01jfm_,1,0.0,0.098,0.449,0.561
IMG_0386,human,/m/01jfm_,1,0.0,0.11,0.363,0.571
IMG_0387,human,/m/01jfm_,1,0.264,0.304,0.538,0.856
IMG_0387,human,/m/01jfm_,1,0.169,0.383,0.664,0.729
IMG_0387,human,/m/01jfm_,1,0.16,0.398,0.531,0.856
IMG_0387,human,/m/01jfm_,1,0.601,0.755,0.347,0.533
IMG_0388,human,/m/01jfm_,1,0.686,0.857,0.463,0.678
IMG_0388,human,/m/01jfm_,1,0.063,0.351,0.587,0.882
IMG_0388,human,/m/01jfm_,1,0.1,0.332,0.642,0.845
IMG_0390,human,/m/01jfm_,1,0.38,0.457,0.543,0.587
IMG_0391,human,/m/01jfm_,1,0.456,0.508,0.406,0.438
IMG_0391,human,/m/01jfm_,1,0.794,0.875,0.647,0.751
IMG_0391,human,/m/01jfm_,1,0.781,0.816,0.38,0.403
IMG_0392,human,/m/01jfm_,1,0.454,0.505,0.405,0.437
IMG_0392,human,/m/01jfm_,1,0.79,0.873,0.649,0.758
IMG_0392,human,/m/01jfm_,1,0.779,0.819,0.376,0.408
IMG_0393,human,/m/01jfm_,1,0.346,0.39,0.326,0.357
IMG_0393,human,/m/01jfm_,1,0.534,0.547,0.262,0.276
IMG_0394,human,/m/01jfm_,1,0.126,0.221,0.464,0.508
IMG_0394,human,/m/01jfm_,1,0.124,0.227,0.456,0.502
IMG_0394,human,/m/01jfm_,1,0.813,0.903,0.528,0.636
IMG_0395,human,/m/01jfm_,1,0.274,0.354,0.401,0.469
IMG_0396,human,/m/01jfm_,1,0.232,0.316,0.415,0.5
IMG_0397,human,/m/01jfm_,1,0.502,0.547,0.45,0.487
IMG_0399,human,/m/01jfm_,1,0.503,0.532,0.442,0.462
IMG_0399,human,/m/01jfm_,1,0.241,0.248,0.481,0.489
IMG_0399,human,/m/01jfm_,1,0.281,0.289,0.467,0.474
IMG_0399,human,/m/01jfm_,1,0.343,0.349,0.462,0.468
IMG_0400,human,/m/01jfm_,1,0.549,0.592,0.465,0.492
IMG_0401,human,/m/01jfm_,1,0.744,0.774,0.429,0.451
IMG_0402,human,/m/01jfm_,1,0.417,0.43,0.431,0.443
IMG_0403,human,/m/01jfm_,1,0.054,0.245,0.495,0.612
IMG_0404,human,/m/01jfm_,1,0.102,0.22,0.348,0.448
IMG_0404,human,/m/01jfm_,1,0.759,0.929,0.541,0.705
IMG_0405,human,/m/01jfm_,1,0.704,0.846,0.694,0.88
IMG_0405,human,/m/01jfm_,1,0.406,0.485,0.415,0.499
IMG_0405,human,/m/01jfm_,1,0.213,0.27,0.263,0.319
IMG_0405,human,/m/01jfm_,1,0.109,0.163,0.186,0.244
IMG_0406,human,/m/01jfm_,1,0.606,0.675,0.42,0.505
IMG_0406,human,/m/01jfm_,1,0.885,0.946,0.391,0.486
IMG_0406,human,/m/01jfm_,1,0.195,0.301,0.465,0.559
IMG_0407,human,/m/01jfm_,1,0.195,0.288,0.46,0.562
IMG_0407,human,/m/01jfm_,1,0.614,0.67,0.413,0.505
IMG_0407,human,/m/01jfm_,1,0.881,0.949,0.396,0.47
IMG_0408,human,/m/01jfm_,1,0.661,0.768,0.412,0.515
IMG_0408,human,/m/01jfm_,1,0.217,0.258,0.267,0.35
IMG_0410,human,/m/01jfm_,1,0.523,0.626,0.481,0.62
IMG_0410,human,/m/01jfm_,1,0.286,0.344,0.137,0.218
IMG_0410,human,/m/01jfm_,1,0.272,0.354,0.14,0.22
IMG_0411,human,/m/01jfm_,1,0.457,0.575,0.346,0.487
IMG_0413,human,/m/01jfm_,1,0.514,0.59,0.421,0.504
IMG_0413,human,/m/01jfm_,1,0.777,0.878,0.476,0.57
IMG_0413,human,/m/01jfm_,1,0.126,0.182,0.384,0.45
IMG_0414,human,/m/01jfm_,1,0.011,0.115,0.439,0.523
IMG_0414,human,/m/01jfm_,1,0.316,0.405,0.433,0.527
IMG_0414,human,/m/01jfm_,1,0.658,0.763,0.482,0.598
IMG_0414,human,/m/01jfm_,1,0.929,1.0,0.442,0.545
IMG_0415,human,/m/01jfm_,1,0.433,0.569,0.399,0.522
IMG_0415,human,/m/01jfm_,1,0.847,0.962,0.335,0.434
IMG_0415,human,/m/01jfm_,1,0.03,0.173,0.606,0.859
IMG_0416,human,/m/01jfm_,1,0.028,0.332,0.717,0.907
IMG_0416,human,/m/01jfm_,1,0.735,0.844,0.184,0.307
IMG_0417,human,/m/01jfm_,1,0.066,0.192,0.501,0.623
IMG_0417,human,/m/01jfm_,1,0.69,0.759,0.395,0.494
IMG_0418,human,/m/01jfm_,1,0.436,0.545,0.501,0.71
IMG_0419,human,/m/01jfm_,1,0.624,0.756,0.481,0.636
IMG_0419,human,/m/01jfm_,1,0.12,0.243,0.396,0.58
IMG_0420,human,/m/01jfm_,1,0.624,0.767,0.502,0.631
IMG_0420,human,/m/01jfm_,1,0.134,0.24,0.412,0.56
IMG_0421,human,/m/01jfm_,1,0.423,0.57,0.458,0.638
IMG_0422,human,/m/01jfm_,1,0.745,0.858,0.662,0.801
IMG_0422,human,/m/01jfm_,1,0.275,0.337,0.451,0.522
IMG_0422,human,/m/01jfm_,1,0.068,0.115,0.372,0.431
IMG_0423,human,/m/01jfm_,1,0.674,0.776,0.564,0.661
IMG_0423,human,/m/01jfm_,1,0.17,0.333,0.59,0.743
IMG_0424,human,/m/01jfm_,1,0.165,0.332,0.584,0.731
IMG_0424,human,/m/01jfm_,1,0.697,0.771,0.527,0.664
IMG_0425,human,/m/01jfm_,1,0.144,0.285,0.566,0.723
IMG_0425,human,/m/01jfm_,1,0.708,0.847,0.396,0.538
IMG_0426,human,/m/01jfm_,1,0.163,0.311,0.56,0.721
IMG_0426,human,/m/01jfm_,1,0.719,0.854,0.388,0.527
IMG_0427,human,/m/01jfm_,1,0.107,0.244,0.555,0.715
IMG_0427,human,/m/01jfm_,1,0.947,1.0,0.406,0.561
IMG_0428,human,/m/01jfm_,1,0.11,0.265,0.54,0.706
IMG_0429,human,/m/01jfm_,1,0.569,0.71,0.497,0.646
IMG_0430,human,/m/01jfm_,1,0.542,0.698,0.483,0.624
IMG_0430,human,/m/01jfm_,1,0.536,0.717,0.471,0.654
IMG_0431,human,/m/01jfm_,1,0.332,0.557,0.482,0.764
IMG_0432,human,/m/01jfm_,1,0.046,0.169,0.443,0.596
IMG_0432,human,/m/01jfm_,1,0.629,0.815,0.477,0.653
IMG_0433,human,/m/01jfm_,1,0.055,0.175,0.445,0.598
IMG_0433,human,/m/01jfm_,1,0.668,0.832,0.477,0.648
IMG_0434,human,/m/01jfm_,1,0.389,0.469,0.416,0.57
IMG_0435,human,/m/01jfm_,1,0.398,0.506,0.423,0.593
IMG_0436,human,/m/01jfm_,1,0.108,0.283,0.525,0.654
IMG_0436,human,/m/01jfm_,1,0.779,0.94,0.475,0.629
IMG_0437,human,/m/01jfm_,1,0.101,0.272,0.499,0.647
IMG_0437,human,/m/01jfm_,1,0.804,0.923,0.481,0.626
IMG_0438,human,/m/01jfm_,1,0.463,0.608,0.447,0.629
IMG_0439,human,/m/01jfm_,1,0.501,0.625,0.461,0.654
IMG_0441,human,/m/01jfm_,1,0.292,0.416,0.311,0.442
IMG_0442,human,/m/01jfm_,1,0.531,0.671,0.409,0.543
IMG_0443,human,/m/01jfm_,1,0.508,0.622,0.419,0.545
IMG_0444,human,/m/01jfm_,1,0.35,0.487,0.571,0.748
IMG_0446,human,/m/01jfm_,1,0.479,0.648,0.506,0.7
IMG_0447,human,/m/01jfm_,1,0.463,0.613,0.536,0.695
IMG_0448,human,/m/01jfm_,1,0.262,0.451,0.446,0.597
IMG_0448,human,/m/01jfm_,1,0.716,0.818,0.395,0.518
IMG_0450,human,/m/01jfm_,1,0.475,0.512,0.358,0.4
IMG_0451,human,/m/01jfm_,1,0.356,0.475,0.41,0.547
IMG_0452,human,/m/01jfm_,1,0.433,0.601,0.569,0.674
IMG_0453,human,/m/01jfm_,1,0.433,0.59,0.57,0.677
IMG_0454,human,/m/01jfm_,1,0.42,0.64,0.414,0.536
IMG_0455,human,/m/01jfm_,1,0.424,0.621,0.405,0.537
IMG_0456,human,/m/01jfm_,1,0.33,0.548,0.433,0.573
IMG_0457,human,/m/01jfm_,1,0.406,0.544,0.423,0.512
IMG_0458,human,/m/01jfm_,1,0.385,0.53,0.589,0.667
IMG_0460,human,/m/01jfm_,1,0.296,0.502,0.461,0.68
IMG_0461,human,/m/01jfm_,1,0.461,0.6,0.303,0.434
IMG_0462,human,/m/01jfm_,1,0.423,0.57,0.541,0.748
IMG_0463,human,/m/01jfm_,1,0.368,0.423,0.394,0.514
IMG_0464,human,/m/01jfm_,1,0.353,0.589,0.414,0.655
IMG_0465,human,/m/01jfm_,1,0.119,0.2,0.446,0.52
IMG_0465,human,/m/01jfm_,1,0.559,0.634,0.496,0.568
IMG_0465,human,/m/01jfm_,1,0.814,0.888,0.408,0.472
IMG_0466,human,/m/01jfm_,1,0.112,0.19,0.442,0.508
IMG_0466,human,/m/01jfm_,1,0.554,0.63,0.489,0.564
IMG_0466,human,/m/01jfm_,1,0.812,0.88,0.409,0.466
IMG_0468,human,/m/01jfm_,1,0.365,0.531,0.407,0.59
IMG_0469,human,/m/01jfm_,1,0.358,0.525,0.375,0.561
IMG_0471,human,/m/01jfm_,1,0.399,0.578,0.475,0.654
IMG_0472,human,/m/01jfm_,1,0.426,0.605,0.495,0.699
IMG_0473,human,/m/01jfm_,1,0.316,0.414,0.293,0.429
IMG_0473,human,/m/01jfm_,1,0.758,0.892,0.535,0.772
IMG_0474,human,/m/01jfm_,1,0.354,0.44,0.566,0.751
IMG_0474,human,/m/01jfm_,1,0.536,0.612,0.308,0.415
IMG_0474,human,/m/01jfm_,1,0.86,0.888,0.008,0.033
IMG_0475,human,/m/01jfm_,1,0.334,0.458,0.58,0.738
IMG_0475,human,/m/01jfm_,1,0.541,0.605,0.309,0.418
IMG_0475,human,/m/01jfm_,1,0.846,0.89,0.0,0.027
IMG_0477,human,/m/01jfm_,1,0.364,0.513,0.357,0.521
IMG_0478,human,/m/01jfm_,1,0.361,0.523,0.359,0.53
IMG_0479,human,/m/01jfm_,1,0.451,0.57,0.516,0.621
IMG_0480,human,/m/01jfm_,1,0.461,0.586,0.404,0.636
IMG_0481,human,/m/01jfm_,1,0.462,0.595,0.401,0.642
IMG_0482,human,/m/01jfm_,1,0.417,0.563,0.428,0.576
IMG_0483,human,/m/01jfm_,1,0.414,0.562,0.47,0.599
IMG_0484,human,/m/01jfm_,1,0.351,0.524,0.365,0.497
IMG_0485,human,/m/01jfm_,1,0.353,0.405,0.526,0.585
IMG_0486,human,/m/01jfm_,1,0.508,0.686,0.487,0.613
IMG_0487,human,/m/01jfm_,1,0.364,0.603,0.536,0.699
IMG_0488,human,/m/01jfm_,1,0.37,0.604,0.392,0.594
IMG_0489,human,/m/01jfm_,1,0.471,0.658,0.343,0.61
IMG_0490,human,/m/01jfm_,1,0.479,0.681,0.37,0.665
IMG_0491,human,/m/01jfm_,1,0.336,0.575,0.37,0.573
IMG_0492,human,/m/01jfm_,1,0.363,0.612,0.362,0.578
IMG_0493,human,/m/01jfm_,1,0.381,0.641,0.346,0.56
IMG_0494,human,/m/01jfm_,1,0.419,0.693,0.406,0.628
IMG_0495,human,/m/01jfm_,1,0.467,0.744,0.413,0.621
IMG_0497,human,/m/01jfm_,1,0.27,0.539,0.37,0.616
IMG_0498,human,/m/01jfm_,1,0.317,0.586,0.382,0.627
IMG_0499,human,/m/01jfm_,1,0.417,0.692,0.374,0.607
IMG_0500,human,/m/01jfm_,1,0.397,0.688,0.424,0.681
IMG_0501,human,/m/01jfm_,1,0.599,0.823,0.425,0.628
IMG_0502,human,/m/01jfm_,1,0.389,0.626,0.35,0.427
IMG_0503,human,/m/01jfm_,1,0.317,0.699,0.376,0.565
IMG_0504,human,/m/01jfm_,1,0.319,0.696,0.375,0.555
IMG_0505,human,/m/01jfm_,1,0.412,0.603,0.327,0.396
IMG_0506,human,/m/01jfm_,1,0.481,0.67,0.44,0.596
IMG_0507,human,/m/01jfm_,1,0.484,0.684,0.436,0.593
IMG_0508,human,/m/01jfm_,1,0.371,0.629,0.355,0.564
IMG_0509,human,/m/01jfm_,1,0.428,0.68,0.378,0.586
IMG_0510,human,/m/01jfm_,1,0.385,0.63,0.416,0.617
IMG_0511,human,/m/01jfm_,1,0.417,0.641,0.418,0.609
IMG_0512,human,/m/01jfm_,1,0.36,0.634,0.396,0.627
IMG_0513,human,/m/01jfm_,1,0.387,0.655,0.435,0.661
IMG_0514,human,/m/01jfm_,1,0.382,0.628,0.404,0.611
IMG_0515,human,/m/01jfm_,1,0.409,0.665,0.402,0.607
IMG_0516,human,/m/01jfm_,1,0.526,0.811,0.403,0.635
IMG_0518,human,/m/01jfm_,1,0.425,0.777,0.433,0.725
IMG_0519,human,/m/01jfm_,1,0.414,0.75,0.448,0.722
IMG_0520,human,/m/01jfm_,1,0.466,0.698,0.409,0.608
IMG_0521,human,/m/01jfm_,1,0.425,0.691,0.436,0.658
IMG_0523,human,/m/01jfm_,1,0.5,0.769,0.383,0.623
IMG_0524,human,/m/01jfm_,1,0.361,0.622,0.423,0.538
IMG_0525,human,/m/01jfm_,1,0.407,0.594,0.58,0.664
IMG_0526,human,/m/01jfm_,1,0.417,0.603,0.585,0.661
IMG_0527,human,/m/01jfm_,1,0.26,0.614,0.428,0.595
IMG_0528,human,/m/01jfm_,1,0.275,0.633,0.43,0.588
IMG_0529,human,/m/01jfm_,1,0.445,0.674,0.379,0.5
IMG_0530,human,/m/01jfm_,1,0.411,0.683,0.401,0.508
IMG_0531,human,/m/01jfm_,1,0.237,0.5,0.434,0.61
IMG_0532,human,/m/01jfm_,1,0.261,0.491,0.438,0.614
IMG_0533,human,/m/01jfm_,1,0.39,0.596,0.675,0.758
IMG_0534,human,/m/01jfm_,1,0.388,0.6,0.673,0.759
IMG_0535,human,/m/01jfm_,1,0.318,0.595,0.561,0.768
IMG_0536,human,/m/01jfm_,1,0.381,0.579,0.372,0.518
IMG_0537,human,/m/01jfm_,1,0.39,0.59,0.383,0.534
IMG_0538,human,/m/01jfm_,1,0.442,0.58,0.475,0.591
IMG_0540,human,/m/01jfm_,1,0.374,0.618,0.54,0.734
IMG_0541,human,/m/01jfm_,1,0.359,0.621,0.418,0.613
IMG_0542,human,/m/01jfm_,1,0.371,0.613,0.411,0.611
IMG_0543,human,/m/01jfm_,1,0.487,0.777,0.387,0.628
IMG_0544,human,/m/01jfm_,1,0.49,0.784,0.416,0.64
IMG_0546,human,/m/01jfm_,1,0.298,0.593,0.383,0.631
IMG_0547,human,/m/01jfm_,1,0.277,0.658,0.408,0.71
IMG_0548,human,/m/01jfm_,1,0.299,0.58,0.449,0.649
IMG_0550,human,/m/01jfm_,1,0.252,0.522,0.391,0.64
IMG_0551,human,/m/01jfm_,1,0.362,0.654,0.374,0.661
IMG_0552,human,/m/01jfm_,1,0.356,0.651,0.371,0.651
IMG_0554,human,/m/01jfm_,1,0.211,0.508,0.464,0.739
IMG_0555,human,/m/01jfm_,1,0.101,0.413,0.44,0.726
IMG_0556,human,/m/01jfm_,1,0.128,0.46,0.44,0.743
IMG_0557,human,/m/01jfm_,1,0.108,0.421,0.4,0.675
IMG_0558,human,/m/01jfm_,1,0.4,0.619,0.46,0.582
IMG_0558,human,/m/01jfm_,1,0.397,0.64,0.444,0.566
IMG_0559,human,/m/01jfm_,1,0.294,0.568,0.306,0.442
IMG_0561,human,/m/01jfm_,1,0.155,0.262,0.63,0.706
IMG_0563,human,/m/01jfm_,1,0.362,0.522,0.725,0.807
IMG_0564,human,/m/01jfm_,1,0.387,0.542,0.77,0.837
IMG_0565,human,/m/01jfm_,1,0.413,0.571,0.466,0.595
IMG_0566,human,/m/01jfm_,1,0.37,0.563,0.431,0.597
IMG_0567,human,/m/01jfm_,1,0.454,0.654,0.467,0.636
IMG_0568,human,/m/01jfm_,1,0.414,0.665,0.569,0.649
IMG_0569,human,/m/01jfm_,1,0.422,0.613,0.394,0.495
IMG_0570,human,/m/01jfm_,1,0.338,0.603,0.467,0.61
IMG_0571,human,/m/01jfm_,1,0.362,0.558,0.619,0.716
IMG_0572,human,/m/01jfm_,1,0.385,0.584,0.628,0.708
IMG_0573,human,/m/01jfm_,1,0.397,0.564,0.806,0.881
IMG_0574,human,/m/01jfm_,1,0.375,0.493,0.507,0.558
IMG_0575,human,/m/01jfm_,1,0.337,0.46,0.482,0.54
IMG_0576,human,/m/01jfm_,1,0.412,0.58,0.477,0.537
IMG_0577,human,/m/01jfm_,1,0.403,0.567,0.482,0.542
IMG_0578,human,/m/01jfm_,1,0.417,0.518,0.577,0.617
IMG_0579,human,/m/01jfm_,1,0.407,0.679,0.552,0.657
IMG_0581,human,/m/01jfm_,1,0.294,0.454,0.472,0.564
IMG_0582,human,/m/01jfm_,1,0.407,0.623,0.47,0.549
IMG_0583,human,/m/01jfm_,1,0.503,0.683,0.492,0.581
IMG_0584,human,/m/01jfm_,1,0.38,0.439,0.524,0.553
IMG_0585,human,/m/01jfm_,1,0.311,0.5,0.601,0.685
IMG_0586,human,/m/01jfm_,1,0.396,0.638,0.952,1.0
IMG_0587,human,/m/01jfm_,1,0.826,0.888,0.709,0.78
IMG_0588,human,/m/01jfm_,1,0.819,0.884,0.71,0.784
IMG_0589,human,/m/01jfm_,1,0.076,0.22,0.509,0.624
IMG_0590,human,/m/01jfm_,1,0.356,0.643,0.432,0.549
IMG_0591,human,/m/01jfm_,1,0.376,0.57,0.834,0.917
IMG_0592,human,/m/01jfm_,1,0.385,0.599,0.933,1.0
IMG_0593,human,/m/01jfm_,1,0.002,0.056,0.77,0.863
IMG_0594,human,/m/01jfm_,1,0.616,0.752,0.587,0.668
IMG_0595,human,/m/01jfm_,1,0.744,0.891,0.694,0.774
IMG_0596,human,/m/01jfm_,1,0.688,0.851,0.7,0.782
IMG_0597,human,/m/01jfm_,1,0.162,0.257,0.559,0.62
IMG_0598,human,/m/01jfm_,1,0.313,0.496,0.365,0.48
IMG_0599,human,/m/01jfm_,1,0.326,0.612,0.468,0.58
IMG_0600,human,/m/01jfm_,1,0.337,0.591,0.509,0.606
IMG_0601,human,/m/01jfm_,1,0.364,0.604,0.872,0.954
IMG_0602,human,/m/01jfm_,1,0.38,0.506,0.481,0.534
IMG_0603,human,/m/01jfm_,1,0.381,0.503,0.482,0.533
IMG_0604,human,/m/01jfm_,1,0.268,0.386,0.6,0.651
IMG_0605,human,/m/01jfm_,1,0.284,0.399,0.606,0.654
IMG_0607,human,/m/01jfm_,1,0.29,0.485,0.631,0.722
IMG_0608,human,/m/01jfm_,1,0.304,0.464,0.735,0.821
IMG_0608,human,/m/01jfm_,1,0.028,0.062,0.326,0.341
IMG_0609,human,/m/01jfm_,1,0.312,0.471,0.717,0.812
IMG_0609,human,/m/01jfm_,1,0.035,0.067,0.321,0.339
IMG_0610,human,/m/01jfm_,1,0.563,0.691,0.597,0.661
IMG_0611,human,/m/01jfm_,1,0.502,0.681,0.887,0.942
IMG_0611,human,/m/01jfm_,1,0.516,0.668,0.876,0.943
IMG_0612,human,/m/01jfm_,1,0.596,0.737,0.683,0.746
IMG_0613,human,/m/01jfm_,1,0.459,0.587,0.58,0.636
IMG_0614,human,/m/01jfm_,1,0.455,0.599,0.538,0.604
IMG_0615,human,/m/01jfm_,1,0.439,0.588,0.754,0.811
IMG_0616,human,/m/01jfm_,1,0.307,0.429,0.531,0.589
IMG_0617,human,/m/01jfm_,1,0.308,0.418,0.521,0.575
IMG_0618,human,/m/01jfm_,1,0.233,0.336,0.623,0.675
IMG_0619,human,/m/01jfm_,1,0.235,0.331,0.615,0.666
IMG_0620,human,/m/01jfm_,1,0.301,0.452,0.648,0.725
IMG_0621,human,/m/01jfm_,1,0.305,0.453,0.647,0.716
IMG_0622,human,/m/01jfm_,1,0.405,0.533,0.202,0.261
IMG_0623,human,/m/01jfm_,1,0.317,0.548,0.71,0.799
IMG_0624,human,/m/01jfm_,1,0.313,0.531,0.697,0.787
IMG_0625,human,/m/01jfm_,1,0.3,0.372,0.413,0.458
IMG_0627,human,/m/01jfm_,1,0.427,0.612,0.645,0.715
IMG_0628,human,/m/01jfm_,1,0.254,0.327,0.484,0.53
IMG_0629,human,/m/01jfm_,1,0.225,0.415,0.377,0.473
IMG_0630,human,/m/01jfm_,1,0.364,0.548,0.592,0.676
IMG_0631,human,/m/01jfm_,1,0.407,0.71,0.479,0.613
IMG_0632,human,/m/01jfm_,1,0.424,0.727,0.47,0.627
IMG_0633,human,/m/01jfm_,1,0.331,0.509,0.565,0.644
IMG_0634,human,/m/01jfm_,1,0.347,0.487,0.912,0.978
IMG_0635,human,/m/01jfm_,1,0.44,0.551,0.505,0.552
IMG_0636,human,/m/01jfm_,1,0.467,0.58,0.492,0.54
IMG_0637,human,/m/01jfm_,1,0.321,0.529,0.448,0.521
IMG_0638,human,/m/01jfm_,1,0.073,0.158,0.481,0.58
IMG_0638,human,/m/01jfm_,1,0.076,0.165,0.483,0.604
IMG_0638,human,/m/01jfm_,1,0.812,0.958,0.477,0.58
IMG_0638,human,/m/01jfm_,1,0.819,0.95,0.478,0.589
IMG_0639,human,/m/01jfm_,1,0.088,0.165,0.504,0.623
IMG_0639,human,/m/01jfm_,1,0.81,0.993,0.496,0.609
IMG_0640,human,/m/01jfm_,1,0.356,0.532,0.428,0.502
IMG_0641,human,/m/01jfm_,1,0.351,0.516,0.432,0.506
IMG_0642,human,/m/01jfm_,1,0.268,0.397,0.412,0.484
IMG_0643,human,/m/01jfm_,1,0.281,0.407,0.435,0.511
IMG_0644,human,/m/01jfm_,1,0.608,0.787,0.54,0.621
IMG_0645,human,/m/01jfm_,1,0.508,0.65,0.82,0.876
IMG_0646,human,/m/01jfm_,1,0.441,0.49,0.459,0.475
IMG_0647,human,/m/01jfm_,1,0.351,0.493,0.467,0.555
IMG_0648,human,/m/01jfm_,1,0.335,0.466,0.428,0.522
IMG_0649,human,/m/01jfm_,1,0.446,0.617,0.542,0.633
IMG_0650,human,/m/01jfm_,1,0.447,0.572,0.517,0.576
IMG_0651,human,/m/01jfm_,1,0.462,0.596,0.518,0.583
IMG_0652,human,/m/01jfm_,1,0.532,0.6,0.568,0.599
IMG_0653,human,/m/01jfm_,1,0.392,0.532,0.421,0.491
IMG_0656,human,/m/01jfm_,1,0.274,0.352,0.505,0.561
IMG_0657,human,/m/01jfm_,1,0.392,0.489,0.5,0.563
IMG_0658,human,/m/01jfm_,1,0.418,0.459,0.481,0.503
IMG_0659,human,/m/01jfm_,1,0.475,0.543,0.551,0.586
IMG_0662,human,/m/01jfm_,1,0.307,0.359,0.467,0.502
IMG_0663,human,/m/01jfm_,1,0.724,0.809,0.647,0.69
IMG_0663,human,/m/01jfm_,1,0.021,0.058,0.342,0.358
IMG_0664,human,/m/01jfm_,1,0.218,0.324,0.489,0.545
IMG_0665,human,/m/01jfm_,1,0.2,0.321,0.468,0.522
IMG_0666,human,/m/01jfm_,1,0.468,0.554,0.41,0.538
IMG_0667,human,/m/01jfm_,1,0.478,0.571,0.413,0.538
IMG_0668,human,/m/01jfm_,1,0.679,0.804,0.748,0.814
IMG_0669,human,/m/01jfm_,1,0.712,0.87,0.9,0.967
IMG_0670,human,/m/01jfm_,1,0.4,0.624,0.659,0.743
IMG_0671,human,/m/01jfm_,1,0.097,0.278,0.721,0.833
IMG_0671,human,/m/01jfm_,1,0.195,0.218,0.333,0.358
IMG_0672,human,/m/01jfm_,1,0.687,0.831,0.805,0.871
IMG_0673,human,/m/01jfm_,1,0.495,0.682,0.84,0.942
IMG_0674,human,/m/01jfm_,1,0.409,0.605,0.811,0.877
IMG_0675,human,/m/01jfm_,1,0.403,0.588,0.812,0.881
IMG_0676,human,/m/01jfm_,1,0.533,0.586,0.588,0.61
IMG_0677,human,/m/01jfm_,1,0.473,0.536,0.665,0.692
IMG_0678,human,/m/01jfm_,1,0.558,0.738,0.511,0.616
IMG_0678,human,/m/01jfm_,1,0.187,0.34,0.448,0.544
IMG_0679,human,/m/01jfm_,1,0.01,0.113,0.482,0.585
IMG_0679,human,/m/01jfm_,1,0.528,0.676,0.507,0.597
IMG_0680,human,/m/01jfm_,1,0.488,0.635,0.551,0.652
IMG_0680,human,/m/01jfm_,1,0.005,0.073,0.388,0.475
IMG_0681,human,/m/01jfm_,1,0.64,0.809,0.528,0.627
IMG_0681,human,/m/01jfm_,1,0.157,0.3,0.525,0.619
IMG_0682,human,/m/01jfm_,1,0.129,0.29,0.549,0.658
IMG_0682,human,/m/01jfm_,1,0.668,0.817,0.515,0.63
IMG_0683,human,/m/01jfm_,1,0.794,0.951,0.578,0.705
IMG_0684,human,/m/01jfm_,1,0.353,0.472,0.492,0.619
IMG_0686,human,/m/01jfm_,1,0.317,0.523,0.797,0.889
IMG_0687,human,/m/01jfm_,1,0.269,0.403,0.446,0.538
IMG_0689,human,/m/01jfm_,1,0.354,0.55,0.458,0.609
IMG_0690,human,/m/01jfm_,1,0.379,0.563,0.477,0.626
IMG_0691,human,/m/01jfm_,1,0.423,0.624,0.462,0.62
IMG_0692,human,/m/01jfm_,1,0.88,1.0,0.486,0.58
IMG_0692,human,/m/01jfm_,1,0.394,0.504,0.459,0.557
IMG_0693,human,/m/01jfm_,1,0.391,0.58,0.433,0.548
IMG_0693,human,/m/01jfm_,1,0.405,0.55,0.438,0.558
IMG_0694,human,/m/01jfm_,1,0.407,0.58,0.438,0.556
IMG_0695,human,/m/01jfm_,1,0.308,0.512,0.478,0.632
IMG_0696,human,/m/01jfm_,1,0.318,0.515,0.456,0.619
IMG_0697,human,/m/01jfm_,1,0.436,0.562,0.487,0.586
IMG_0698,human,/m/01jfm_,1,0.305,0.591,0.357,0.59
IMG_0699,human,/m/01jfm_,1,0.368,0.566,0.398,0.519
IMG_0699,human,/m/01jfm_,1,0.014,0.17,0.168,0.256
IMG_0700,human,/m/01jfm_,1,0.372,0.55,0.396,0.523
IMG_0700,human,/m/01jfm_,1,0.019,0.138,0.145,0.255
IMG_0701,human,/m/01jfm_,1,0.376,0.594,0.507,0.678
IMG_0702,human,/m/01jfm_,1,0.345,0.614,0.383,0.595
IMG_0703,human,/m/01jfm_,1,0.391,0.542,0.452,0.594
IMG_0704,human,/m/01jfm_,1,0.378,0.599,0.433,0.628
IMG_0705,human,/m/01jfm_,1,0.729,0.94,0.373,0.528
IMG_0705,human,/m/01jfm_,1,0.0,0.092,0.449,0.568
IMG_0706,human,/m/01jfm_,1,0.426,0.643,0.395,0.569
IMG_0707,human,/m/01jfm_,1,0.429,0.69,0.362,0.575
IMG_0708,human,/m/01jfm_,1,0.345,0.612,0.401,0.623
IMG_0709,human,/m/01jfm_,1,0.345,0.662,0.456,0.696
IMG_0710,human,/m/01jfm_,1,0.363,0.517,0.464,0.57
IMG_0711,human,/m/01jfm_,1,0.476,0.552,0.46,0.527
IMG_0712,human,/m/01jfm_,1,0.499,0.589,0.445,0.532
IMG_0712,human,/m/01jfm_,1,0.0,0.079,0.413,0.51
IMG_0713,human,/m/01jfm_,1,0.502,0.587,0.444,0.535
IMG_0713,human,/m/01jfm_,1,0.002,0.07,0.412,0.502
IMG_0714,human,/m/01jfm_,1,0.463,0.586,0.42,0.527
IMG_0715,human,/m/01jfm_,1,0.461,0.633,0.329,0.469
IMG_0716,human,/m/01jfm_,1,0.471,0.674,0.353,0.484
IMG_0717,human,/m/01jfm_,1,0.251,0.462,0.337,0.53
IMG_0718,human,/m/01jfm_,1,0.319,0.595,0.37,0.577
IMG_0719,human,/m/01jfm_,1,0.373,0.654,0.395,0.593
IMG_0720,human,/m/01jfm_,1,0.193,0.486,0.325,0.587
IMG_0721,human,/m/01jfm_,1,0.521,0.733,0.424,0.59
IMG_0722,human,/m/01jfm_,1,0.299,0.517,0.41,0.574
IMG_0723,human,/m/01jfm_,1,0.337,0.56,0.413,0.568
IMG_0724,human,/m/01jfm_,1,0.406,0.592,0.508,0.682
IMG_0725,human,/m/01jfm_,1,0.434,0.615,0.516,0.667
IMG_0726,human,/m/01jfm_,1,0.425,0.609,0.425,0.568
IMG_0727,human,/m/01jfm_,1,0.51,0.671,0.433,0.564
IMG_0728,human,/m/01jfm_,1,0.364,0.485,0.447,0.501
IMG_0729,human,/m/01jfm_,1,0.446,0.586,0.456,0.547
IMG_0730,human,/m/01jfm_,1,0.404,0.549,0.407,0.517
IMG_0731,human,/m/01jfm_,1,0.36,0.568,0.523,0.689
IMG_0732,human,/m/01jfm_,1,0.434,0.604,0.421,0.582
IMG_0734,human,/m/01jfm_,1,0.367,0.547,0.441,0.626
IMG_0735,human,/m/01jfm_,1,0.366,0.568,0.432,0.62
IMG_0737,human,/m/01jfm_,1,0.408,0.644,0.43,0.652
IMG_0738,human,/m/01jfm_,1,0.411,0.63,0.396,0.604
IMG_0739,human,/m/01jfm_,1,0.389,0.619,0.404,0.614
IMG_0740,human,/m/01jfm_,1,0.349,0.535,0.377,0.572
IMG_0741,human,/m/01jfm_,1,0.376,0.532,0.51,0.649
IMG_0742,human,/m/01jfm_,1,0.384,0.544,0.502,0.633
IMG_0743,human,/m/01jfm_,1,0.354,0.533,0.48,0.641
IMG_0744,human,/m/01jfm_,1,0.353,0.526,0.469,0.627
IMG_0745,human,/m/01jfm_,1,0.339,0.569,0.418,0.628
IMG_0746,human,/m/01jfm_,1,0.352,0.571,0.431,0.631
IMG_0747,human,/m/01jfm_,1,0.241,0.48,0.373,0.601
IMG_0748,human,/m/01jfm_,1,0.283,0.511,0.386,0.605
IMG_0749,human,/m/01jfm_,1,0.352,0.558,0.408,0.651
IMG_0750,human,/m/01jfm_,1,0.413,0.639,0.424,0.653
IMG_0751,human,/m/01jfm_,1,0.318,0.576,0.39,0.609
IMG_0752,human,/m/01jfm_,1,0.388,0.599,0.425,0.633
IMG_0753,human,/m/01jfm_,1,0.213,0.45,0.335,0.534
IMG_0754,human,/m/01jfm_,1,0.277,0.47,0.361,0.538
IMG_0755,human,/m/01jfm_,1,0.197,0.502,0.357,0.616
IMG_0756,human,/m/01jfm_,1,0.27,0.541,0.382,0.633
IMG_0758,human,/m/01jfm_,1,0.213,0.427,0.428,0.674
IMG_0759,human,/m/01jfm_,1,0.387,0.542,0.507,0.666
IMG_0760,human,/m/01jfm_,1,0.272,0.552,0.387,0.614
IMG_0761,human,/m/01jfm_,1,0.341,0.579,0.426,0.633
IMG_0762,human,/m/01jfm_,1,0.342,0.552,0.446,0.618
IMG_0763,human,/m/01jfm_,1,0.352,0.562,0.461,0.648
IMG_0764,human,/m/01jfm_,1,0.403,0.603,0.412,0.599
IMG_0765,human,/m/01jfm_,1,0.411,0.603,0.414,0.618
IMG_0766,human,/m/01jfm_,1,0.228,0.445,0.356,0.582
IMG_0767,human,/m/01jfm_,1,0.229,0.429,0.449,0.715
IMG_0768,human,/m/01jfm_,1,0.328,0.549,0.409,0.653
IMG_0769,human,/m/01jfm_,1,0.36,0.584,0.421,0.65
IMG_0770,human,/m/01jfm_,1,0.254,0.551,0.363,0.618
IMG_0771,human,/m/01jfm_,1,0.362,0.601,0.385,0.635
IMG_0772,human,/m/01jfm_,1,0.373,0.531,0.492,0.606
IMG_0773,human,/m/01jfm_,1,0.369,0.526,0.492,0.606
IMG_0774,human,/m/01jfm_,1,0.279,0.492,0.443,0.686
IMG_0775,human,/m/01jfm_,1,0.409,0.526,0.453,0.563
IMG_0776,human,/m/01jfm_,1,0.407,0.575,0.492,0.638
IMG_0776,human,/m/01jfm_,1,0.9,0.975,0.109,0.161
IMG_0776,human,/m/01jfm_,1,0.899,0.994,0.106,0.172
IMG_0777,human,/m/01jfm_,1,0.402,0.521,0.607,0.706
IMG_0778,human,/m/01jfm_,1,0.397,0.558,0.58,0.675
IMG_0778,human,/m/01jfm_,1,0.378,0.588,0.583,0.673
IMG_0779,human,/m/01jfm_,1,0.375,0.547,0.8,0.865
IMG_0779,human,/m/01jfm_,1,0.377,0.537,0.792,0.859
IMG_0780,human,/m/01jfm_,1,0.688,0.786,0.697,0.753
IMG_0781,human,/m/01jfm_,1,0.062,0.162,0.606,0.674
IMG_0782,human,/m/01jfm_,1,0.341,0.439,0.496,0.577
IMG_0783,human,/m/01jfm_,1,0.396,0.531,0.715,0.772
IMG_0784,human,/m/01jfm_,1,0.412,0.546,0.683,0.734
IMG_0786,human,/m/01jfm_,1,0.412,0.568,0.572,0.641
IMG_0787,human,/m/01jfm_,1,0.435,0.566,0.792,0.847
IMG_0788,human,/m/01jfm_,1,0.462,0.586,0.874,0.913
IMG_0790,human,/m/01jfm_,1,0.171,0.284,0.73,0.808
IMG_0791,human,/m/01jfm_,1,0.16,0.269,0.742,0.824
IMG_0792,human,/m/01jfm_,1,0.465,0.566,0.756,0.785
IMG_0792,human,/m/01jfm_,1,0.459,0.582,0.746,0.801
IMG_0794,human,/m/01jfm_,1,0.441,0.611,0.565,0.679
IMG_0795,human,/m/01jfm_,1,0.451,0.611,0.525,0.729
IMG_0796,human,/m/01jfm_,1,0.433,0.635,0.547,0.739
IMG_0797,human,/m/01jfm_,1,0.439,0.593,0.446,0.574
IMG_0798,human,/m/01jfm_,1,0.437,0.623,0.446,0.591
IMG_0799,human,/m/01jfm_,1,0.356,0.583,0.428,0.621
IMG_0800,human,/m/01jfm_,1,0.418,0.582,0.445,0.623
IMG_0801,human,/m/01jfm_,1,0.396,0.588,0.467,0.601
IMG_0802,human,/m/01jfm_,1,0.392,0.596,0.489,0.632
IMG_0803,human,/m/01jfm_,1,0.394,0.607,0.464,0.627
IMG_0804,human,/m/01jfm_,1,0.396,0.625,0.459,0.64
IMG_0805,human,/m/01jfm_,1,0.384,0.589,0.418,0.611
IMG_0806,human,/m/01jfm_,1,0.323,0.562,0.421,0.627
IMG_0807,human,/m/01jfm_,1,0.396,0.643,0.452,0.641
IMG_0808,human,/m/01jfm_,1,0.398,0.62,0.443,0.625
IMG_0809,human,/m/01jfm_,1,0.364,0.558,0.391,0.547
IMG_0810,human,/m/01jfm_,1,0.402,0.552,0.405,0.568
IMG_0811,human,/m/01jfm_,1,0.408,0.571,0.471,0.627
IMG_0812,human,/m/01jfm_,1,0.417,0.599,0.473,0.636
IMG_0813,human,/m/01jfm_,1,0.437,0.612,0.386,0.518
IMG_0814,human,/m/01jfm_,1,0.414,0.525,0.595,0.644
IMG_0815,human,/m/01jfm_,1,0.412,0.515,0.602,0.653
IMG_0816,human,/m/01jfm_,1,0.365,0.519,0.868,0.926
IMG_0817,human,/m/01jfm_,1,0.186,0.284,0.741,0.812
IMG_0818,human,/m/01jfm_,1,0.4,0.595,0.664,0.734
IMG_0819,human,/m/01jfm_,1,0.378,0.579,0.644,0.727
IMG_E0403,human,/m/01jfm_,1,0.524,0.596,0.761,0.907